id,title,description,image_link,link,product_type,brand,price,availability,item_group_id,checkout_url,additional_image_link,sale_price_effective_date,sale_price,condition,visibility,default_product,variant
wc_post_id_946,"Represent skinny","Represent skinny",http://wordpresswoocommerce.test/wp-content/uploads/2020/08/off-white-jean-skinny-a-effet-delave.jpg,http://wordpresswoocommerce.test/index.php/product/represent-skinny-10/,"Pantalon","Tegwendeshop",1500XAF,in stock,wc_post_id_946,http://wordpresswoocommerce.test/index.php/panier/?add-to-cart=946,,1970-01-29T00:00+00:00/1970-01-30T23:59+00:00,1500XAF,new,staging,,
wc_post_id_945,"Represent skinny","Represent skinny",http://wordpresswoocommerce.test/wp-content/uploads/2020/08/off-white-skinny-jeans-light-grey-washed-black.jpg,http://wordpresswoocommerce.test/index.php/product/represent-skinny-9/,"Pantalon","Tegwendeshop",1500XAF,in stock,wc_post_id_945,http://wordpresswoocommerce.test/index.php/panier/?add-to-cart=945,,1970-01-29T00:00+00:00/1970-01-30T23:59+00:00,1500XAF,new,published,,
wc_post_id_944,"Represent skinny","Represent skinny",http://wordpresswoocommerce.test/wp-content/uploads/2020/08/osklen-jean-a-coupe-skinny.jpg,http://wordpresswoocommerce.test/index.php/product/represent-skinny-8/,"Pantalon","Tegwendeshop",1500XAF,in stock,wc_post_id_944,http://wordpresswoocommerce.test/index.php/panier/?add-to-cart=944,,1970-01-29T00:00+00:00/1970-01-30T23:59+00:00,1500XAF,new,published,,
wc_post_id_943,"Represent skinny","Represent skinny",http://wordpresswoocommerce.test/wp-content/uploads/2020/08/G_300406011091_101_VFP_1.jpg,http://wordpresswoocommerce.test/index.php/product/represent-skinny-7/,"Pantalon","Tegwendeshop",1200XAF,in stock,wc_post_id_943,http://wordpresswoocommerce.test/index.php/panier/?add-to-cart=943,,1970-01-29T00:00+00:00/1970-01-30T23:59+00:00,1200XAF,new,published,,
wc_post_id_942,"Represent skinny","Represent skinny",http://wordpresswoocommerce.test/wp-content/uploads/2020/08/redskins-jeans-steed-graph.jpg,http://wordpresswoocommerce.test/index.php/product/represent-skinny-6/,"Pantalon","Tegwendeshop",1500XAF,in stock,wc_post_id_942,http://wordpresswoocommerce.test/index.php/panier/?add-to-cart=942,,1970-01-29T00:00+00:00/1970-01-30T23:59+00:00,1500XAF,new,published,,
wc_post_id_941,"Represent skinny","Represent skinny",http://wordpresswoocommerce.test/wp-content/uploads/2020/08/saint-laurent-jean-skinny-en-denim-de-coton-stretch-16-cm.jpg,http://wordpresswoocommerce.test/index.php/product/represent-skinny-5/,"Pantalon","Tegwendeshop",1500XAF,in stock,wc_post_id_941,http://wordpresswoocommerce.test/index.php/panier/?add-to-cart=941,,1970-01-29T00:00+00:00/1970-01-30T23:59+00:00,1500XAF,new,published,,
wc_post_id_940,"Represent skinny","Represent skinny",http://wordpresswoocommerce.test/wp-content/uploads/2020/08/saint-laurent-velvet-skinny-jeans.jpg,http://wordpresswoocommerce.test/index.php/product/represent-skinny-4/,"Pantalon","Tegwendeshop",1500XAF,in stock,wc_post_id_940,http://wordpresswoocommerce.test/index.php/panier/?add-to-cart=940,,1970-01-29T00:00+00:00/1970-01-30T23:59+00:00,1500XAF,new,published,,
wc_post_id_939,"Represent skinny","Represent skinny",http://wordpresswoocommerce.test/wp-content/uploads/2020/08/s-l30.jpg,http://wordpresswoocommerce.test/index.php/product/represent-skinny-3/,"Pantalon","Tegwendeshop",1500XAF,in stock,wc_post_id_939,http://wordpresswoocommerce.test/index.php/panier/?add-to-cart=939,,1970-01-29T00:00+00:00/1970-01-30T23:59+00:00,1500XAF,new,published,,
wc_post_id_841,"Represent skinny","Represent skinny",http://wordpresswoocommerce.test/wp-content/uploads/2020/08/s-l400-1.jpg,http://wordpresswoocommerce.test/index.php/product/represent-skinny-2/,"Pantalon","Tegwendeshop",1500XAF,in stock,wc_post_id_841,http://wordpresswoocommerce.test/index.php/panier/?add-to-cart=841,,1970-01-29T00:00+00:00/1970-01-30T23:59+00:00,1500XAF,new,published,,
wc_post_id_840,"Represent skinny","Represent skinny",http://wordpresswoocommerce.test/wp-content/uploads/2020/08/represent-skinny-fit-jeans.jpg,http://wordpresswoocommerce.test/index.php/product/represent-skinny/,"Pantalon","Tegwendeshop",1500XAF,in stock,wc_post_id_840,http://wordpresswoocommerce.test/index.php/panier/?add-to-cart=840,,1970-01-29T00:00+00:00/1970-01-30T23:59+00:00,1500XAF,new,published,,
wc_post_id_839,"Nike","Nike",http://wordpresswoocommerce.test/wp-content/uploads/2020/08/fb9109e1-32ff-479f-86da-6d09abab060b.jpg,http://wordpresswoocommerce.test/index.php/product/nike-7/,"T-shirt","Tegwendeshop",5000XAF,in stock,wc_post_id_839,http://wordpresswoocommerce.test/index.php/panier/?add-to-cart=839,,1970-01-29T00:00+00:00/1970-01-30T23:59+00:00,5000XAF,new,published,,
wc_post_id_838,"Nike","Nike",http://wordpresswoocommerce.test/wp-content/uploads/2020/08/nike_sbdrifit_blackwhite_lg.jpg,http://wordpresswoocommerce.test/index.php/product/nike-6/,"T-shirt, Vestes","Tegwendeshop",1000XAF,in stock,wc_post_id_838,http://wordpresswoocommerce.test/index.php/panier/?add-to-cart=838,,1970-01-29T00:00+00:00/1970-01-30T23:59+00:00,1000XAF,new,published,,
wc_post_id_837,"Nike","Nike",http://wordpresswoocommerce.test/wp-content/uploads/2020/08/ar4209-010-phsfh001-2000.jpg,http://wordpresswoocommerce.test/index.php/product/nike-5/,"T-shirt","Tegwendeshop",10000XAF,in stock,wc_post_id_837,http://wordpresswoocommerce.test/index.php/panier/?add-to-cart=837,,1970-01-29T00:00+00:00/1970-01-30T23:59+00:00,10000XAF,new,published,,
wc_post_id_836,"Nike","Nike",http://wordpresswoocommerce.test/wp-content/uploads/2020/08/nike_dino_tee_whte_1-z.jpg,http://wordpresswoocommerce.test/index.php/product/nike-4/,"T-shirt","Tegwendeshop",5000XAF,in stock,wc_post_id_836,http://wordpresswoocommerce.test/index.php/panier/?add-to-cart=836,,1970-01-29T00:00+00:00/1970-01-30T23:59+00:00,5000XAF,new,published,,
wc_post_id_825,"Nike","Nike",http://wordpresswoocommerce.test/wp-content/uploads/2020/08/nike-nike-sb-logo-t-shirt.jpg,http://wordpresswoocommerce.test/index.php/product/nike-3/,"T-shirt","Tegwendeshop",20000XAF,in stock,wc_post_id_825,http://wordpresswoocommerce.test/index.php/panier/?add-to-cart=825,,1970-01-29T00:00+00:00/1970-01-30T23:59+00:00,20000XAF,new,published,,
wc_post_id_835,"Nike","Nike",http://wordpresswoocommerce.test/wp-content/uploads/2020/08/nike-sb-sail-tee.jpg,http://wordpresswoocommerce.test/index.php/product/nike-2/,"T-shirt","Tegwendeshop",10000XAF,in stock,wc_post_id_835,http://wordpresswoocommerce.test/index.php/panier/?add-to-cart=835,,1970-01-29T00:00+00:00/1970-01-30T23:59+00:00,10000XAF,new,published,,
wc_post_id_824,"Nike","Nike",http://wordpresswoocommerce.test/wp-content/uploads/2020/08/s-l400.jpg,http://wordpresswoocommerce.test/index.php/product/nike/,"T-shirt","Tegwendeshop",5000XAF,in stock,wc_post_id_824,http://wordpresswoocommerce.test/index.php/panier/?add-to-cart=824,,1970-01-29T00:00+00:00/1970-01-30T23:59+00:00,5000XAF,new,published,,
wc_post_id_822,"Lacoste","Lacoste",http://wordpresswoocommerce.test/wp-content/uploads/2020/08/LA222O04B-K12@2-2-scaled.jpg,http://wordpresswoocommerce.test/index.php/product/lacoste-10/,"T-shirt","Tegwendeshop",5000XAF,in stock,wc_post_id_822,http://wordpresswoocommerce.test/index.php/panier/?add-to-cart=822,,1970-01-29T00:00+00:00/1970-01-30T23:59+00:00,5000XAF,new,published,,
wc_post_id_818,"Lacoste","Lacoste",http://wordpresswoocommerce.test/wp-content/uploads/2020/08/16622056_500_A-2.jpg,http://wordpresswoocommerce.test/index.php/product/lacoste-8/,"T-shirt","Tegwendeshop",5000XAF,in stock,wc_post_id_818,http://wordpresswoocommerce.test/index.php/panier/?add-to-cart=818,,1970-01-29T00:00+00:00/1970-01-30T23:59+00:00,5000XAF,new,published,,
wc_post_id_816,"Lacoste","Lacoste",http://wordpresswoocommerce.test/wp-content/uploads/2020/08/16622056_500_A-1.jpg,http://wordpresswoocommerce.test/index.php/product/lacoste-7/,"T-shirt","Tegwendeshop",5000XAF,in stock,wc_post_id_816,http://wordpresswoocommerce.test/index.php/panier/?add-to-cart=816,,1970-01-29T00:00+00:00/1970-01-30T23:59+00:00,5000XAF,new,published,,
wc_post_id_814,"Lacoste","Lacoste",http://wordpresswoocommerce.test/wp-content/uploads/2020/08/16026929_500_A-1.jpg,http://wordpresswoocommerce.test/index.php/product/lacoste-6/,"T-shirt","Tegwendeshop",5000XAF,in stock,wc_post_id_814,http://wordpresswoocommerce.test/index.php/panier/?add-to-cart=814,,1970-01-29T00:00+00:00/1970-01-30T23:59+00:00,5000XAF,new,published,,
wc_post_id_812,"Lacoste","Lacoste",http://wordpresswoocommerce.test/wp-content/uploads/2020/08/16026925_500_A-1.jpg,http://wordpresswoocommerce.test/index.php/product/lacoste-5/,"T-shirt","Tegwendeshop",5000XAF,in stock,wc_post_id_812,http://wordpresswoocommerce.test/index.php/panier/?add-to-cart=812,,1970-01-29T00:00+00:00/1970-01-30T23:59+00:00,5000XAF,new,published,,
wc_post_id_810,"Lacoste","Lacoste",http://wordpresswoocommerce.test/wp-content/uploads/2020/08/9072300_500_A-1.jpg,http://wordpresswoocommerce.test/index.php/product/lacoste-4/,"T-shirt","Tegwendeshop",5000XAF,in stock,wc_post_id_810,http://wordpresswoocommerce.test/index.php/panier/?add-to-cart=810,,1970-01-29T00:00+00:00/1970-01-30T23:59+00:00,5000XAF,new,published,,
wc_post_id_803,"Lacoste","Lacoste",http://wordpresswoocommerce.test/wp-content/uploads/2020/08/360x480-2.jpg,http://wordpresswoocommerce.test/index.php/product/lacoste-3/,"Vestes","Tegwendeshop",5000XAF,in stock,wc_post_id_803,http://wordpresswoocommerce.test/index.php/panier/?add-to-cart=803,,1970-01-29T00:00+00:00/1970-01-30T23:59+00:00,5000XAF,new,published,,
wc_post_id_798,"Lacoste","Lacoste",http://wordpresswoocommerce.test/wp-content/uploads/2020/08/vert-kaki-pique-polo-lacoste-homme-kaki-4.jpg,http://wordpresswoocommerce.test/index.php/product/lacoste-2/,"T-shirt","Tegwendeshop",5000XAF,in stock,wc_post_id_798,http://wordpresswoocommerce.test/index.php/panier/?add-to-cart=798,,1970-01-29T00:00+00:00/1970-01-30T23:59+00:00,5000XAF,new,published,,
wc_post_id_797,"Lacoste","Lacoste",http://wordpresswoocommerce.test/wp-content/uploads/2020/08/16622133_500_A.jpg,http://wordpresswoocommerce.test/index.php/product/lacoste/,"T-shirt","Tegwendeshop",5000XAF,in stock,wc_post_id_797,http://wordpresswoocommerce.test/index.php/panier/?add-to-cart=797,,1970-01-29T00:00+00:00/1970-01-30T23:59+00:00,5000XAF,new,published,,
wc_post_id_795,"vestes patric","vestes patric",http://wordpresswoocommerce.test/wp-content/uploads/2020/08/veste-imitation-cuir-homme-slim-fit-vetements-pour-1.jpg,http://wordpresswoocommerce.test/index.php/product/vestes-patric-26/,"Vestes","Tegwendeshop",56000XAF,in stock,wc_post_id_795,http://wordpresswoocommerce.test/index.php/panier/?add-to-cart=795,,1970-01-29T00:00+00:00/1970-01-30T23:59+00:00,56000XAF,new,published,,
wc_post_id_793,"vestes patric","vestes patric",http://wordpresswoocommerce.test/wp-content/uploads/2020/08/Veste-De-Costume-pour-Homme-Agrave-Imprimeacute-Floral-Veste-De-Costume-Vecirctements-pour-Homme-Veste-De-Smoking-pour-Homme-B07H2SRH1B-500x500-product_popup-1.jpg,http://wordpresswoocommerce.test/index.php/product/vestes-patric-25/,"Vestes","Tegwendeshop",45000XAF,in stock,wc_post_id_793,http://wordpresswoocommerce.test/index.php/panier/?add-to-cart=793,,1970-01-29T00:00+00:00/1970-01-30T23:59+00:00,45000XAF,new,published,,
wc_post_id_791,"vestes patric","vestes patric",http://wordpresswoocommerce.test/wp-content/uploads/2020/08/unnamed-2.jpg,http://wordpresswoocommerce.test/index.php/product/vestes-patric-24/,"Vestes","Tegwendeshop",56000XAF,in stock,wc_post_id_791,http://wordpresswoocommerce.test/index.php/panier/?add-to-cart=791,,1970-01-29T00:00+00:00/1970-01-30T23:59+00:00,56000XAF,new,published,,
wc_post_id_789,"vestes patric","vestes patric",http://wordpresswoocommerce.test/wp-content/uploads/2020/08/smoking-reverskraag-portofino-line-2.jpg,http://wordpresswoocommerce.test/index.php/product/vestes-patric-23/,"Vestes","Tegwendeshop",45000XAF,in stock,wc_post_id_789,http://wordpresswoocommerce.test/index.php/panier/?add-to-cart=789,,1970-01-29T00:00+00:00/1970-01-30T23:59+00:00,45000XAF,new,published,,
wc_post_id_787,"vestes patric","vestes patric",http://wordpresswoocommerce.test/wp-content/uploads/2020/08/rBVaSlvK5yOAB41WAAUi5595FS8990-1.jpg,http://wordpresswoocommerce.test/index.php/product/vestes-patric-22/,"Vestes","Tegwendeshop",45000XAF,in stock,wc_post_id_787,http://wordpresswoocommerce.test/index.php/panier/?add-to-cart=787,,1970-01-29T00:00+00:00/1970-01-30T23:59+00:00,45000XAF,new,published,,
wc_post_id_783,"vestes patric","vestes patric",http://wordpresswoocommerce.test/wp-content/uploads/2020/08/manteau-de-mode-homme-laine-vetements-pour-hommes-1.jpg,http://wordpresswoocommerce.test/index.php/product/vestes-patric-20/,"Vestes","Tegwendeshop",50000XAF,in stock,wc_post_id_783,http://wordpresswoocommerce.test/index.php/panier/?add-to-cart=783,,1970-01-29T00:00+00:00/1970-01-30T23:59+00:00,50000XAF,new,published,,
wc_post_id_780,"vestes patric","vestes patric",http://wordpresswoocommerce.test/wp-content/uploads/2020/08/ladies_down_jacket_hermes-hulahoop-configurable-colmarorig-colm00135_4_2-1.jpg,http://wordpresswoocommerce.test/index.php/product/vestes-patric-19/,"Vestes","Tegwendeshop",50000XAF,in stock,wc_post_id_780,http://wordpresswoocommerce.test/index.php/panier/?add-to-cart=780,,1970-01-29T00:00+00:00/1970-01-30T23:59+00:00,50000XAF,new,published,,
wc_post_id_779,"vestes patric","vestes patric",http://wordpresswoocommerce.test/wp-content/uploads/2020/08/jac-hensen-smoking-colbert-modern-fit-1.jpg,http://wordpresswoocommerce.test/index.php/product/vestes-patric-18/,"Vestes","Tegwendeshop",35000XAF,in stock,wc_post_id_779,http://wordpresswoocommerce.test/index.php/panier/?add-to-cart=779,,1970-01-29T00:00+00:00/1970-01-30T23:59+00:00,35000XAF,new,published,,
wc_post_id_777,"vestes patric","vestes patric",http://wordpresswoocommerce.test/wp-content/uploads/2020/08/images-3.jpg,http://wordpresswoocommerce.test/index.php/product/vestes-patric-17/,"Vestes","Tegwendeshop",50000XAF,in stock,wc_post_id_777,http://wordpresswoocommerce.test/index.php/panier/?add-to-cart=777,,1970-01-29T00:00+00:00/1970-01-30T23:59+00:00,50000XAF,new,published,,
wc_post_id_775,"vestes patric","vestes patric",http://wordpresswoocommerce.test/wp-content/uploads/2020/08/hugo-boss-veste-regular-fit-en-laine-vierge-naturellement-stretch-1.jpg,http://wordpresswoocommerce.test/index.php/product/vestes-patric-16/,"Vestes","Tegwendeshop",54000XAF,in stock,wc_post_id_775,http://wordpresswoocommerce.test/index.php/panier/?add-to-cart=775,,1970-01-29T00:00+00:00/1970-01-30T23:59+00:00,54000XAF,new,published,,
wc_post_id_760,"vestes patric","vestes patric",http://wordpresswoocommerce.test/wp-content/uploads/2020/08/veste-imitation-cuir-homme-slim-fit-vetements-pour.jpg,http://wordpresswoocommerce.test/index.php/product/vestes-patric-15/,"Vestes","Tegwendeshop",25000XAF,in stock,wc_post_id_760,http://wordpresswoocommerce.test/index.php/panier/?add-to-cart=760,,1970-01-29T00:00+00:00/1970-01-30T23:59+00:00,25000XAF,new,published,,
wc_post_id_757,"vestes patric","vestes patric",http://wordpresswoocommerce.test/wp-content/uploads/2020/08/hugo-boss-femme-vestes-veste-regular-fit-en-flanelle-de-laine-vierge-stretch.jpg,http://wordpresswoocommerce.test/index.php/product/vestes-patric-14/,"Vestes","Tegwendeshop",24000XAF,in stock,wc_post_id_757,http://wordpresswoocommerce.test/index.php/panier/?add-to-cart=757,,1970-01-29T00:00+00:00/1970-01-30T23:59+00:00,24000XAF,new,published,,
wc_post_id_756,"vestes patric","vestes patric",http://wordpresswoocommerce.test/wp-content/uploads/2020/08/dobell-homme-veste-de-smoking-blanche-avec-col-cha-1.jpg,http://wordpresswoocommerce.test/index.php/product/vestes-patric-13/,"Vestes","Tegwendeshop",40000XAF,in stock,wc_post_id_756,http://wordpresswoocommerce.test/index.php/panier/?add-to-cart=756,,1970-01-29T00:00+00:00/1970-01-30T23:59+00:00,40000XAF,new,published,,
wc_post_id_754,"vestes patric","vestes patric",http://wordpresswoocommerce.test/wp-content/uploads/2020/08/costume-chale-revers-un-bouton-smoking-slim-fit-premium-diner-veste-gilet-pantalon-et-cravate-ensemble.jpg,http://wordpresswoocommerce.test/index.php/product/vestes-patric-12/,"Vestes","Tegwendeshop",45000XAF,in stock,wc_post_id_754,http://wordpresswoocommerce.test/index.php/panier/?add-to-cart=754,,1970-01-29T00:00+00:00/1970-01-30T23:59+00:00,45000XAF,new,published,,
wc_post_id_752,"vestes patric","vestes patric",http://wordpresswoocommerce.test/wp-content/uploads/2020/08/chemise-noir-rouge.jpg,http://wordpresswoocommerce.test/index.php/product/vestes-patric-11/,"Vestes","Tegwendeshop",25000XAF,in stock,wc_post_id_752,http://wordpresswoocommerce.test/index.php/panier/?add-to-cart=752,,1970-01-29T00:00+00:00/1970-01-30T23:59+00:00,25000XAF,new,published,,
wc_post_id_750,"vestes patric","vestes patric",http://wordpresswoocommerce.test/wp-content/uploads/2020/08/94856392_0671_1.jpg,http://wordpresswoocommerce.test/index.php/product/vestes-patric-10/,"Vestes","Tegwendeshop",35000XAF,in stock,wc_post_id_750,http://wordpresswoocommerce.test/index.php/panier/?add-to-cart=750,,1970-01-29T00:00+00:00/1970-01-30T23:59+00:00,35000XAF,new,published,,
wc_post_id_748,"vestes patric","vestes patric",http://wordpresswoocommerce.test/wp-content/uploads/2020/08/17877566_350_A.jpg,http://wordpresswoocommerce.test/index.php/product/vestes-patric-9/,"Vestes","Tegwendeshop",45000XAF,in stock,wc_post_id_748,http://wordpresswoocommerce.test/index.php/panier/?add-to-cart=748,,1970-01-29T00:00+00:00/1970-01-30T23:59+00:00,45000XAF,new,published,,
wc_post_id_746,"vestes patric","vestes patric",http://wordpresswoocommerce.test/wp-content/uploads/2020/08/17784515_350_A.jpg,http://wordpresswoocommerce.test/index.php/product/vestes-patric-8/,"Chemises","Tegwendeshop",250000XAF,in stock,wc_post_id_746,http://wordpresswoocommerce.test/index.php/panier/?add-to-cart=746,,1970-01-29T00:00+00:00/1970-01-30T23:59+00:00,250000XAF,new,published,,
wc_post_id_744,"vestes patric","vestes patric",http://wordpresswoocommerce.test/wp-content/uploads/2020/08/147201b66d4d1d2b822240b4abf358c6.jpg,http://wordpresswoocommerce.test/index.php/product/vestes-patric-7/,"Vestes","Tegwendeshop",30000XAF,in stock,wc_post_id_744,http://wordpresswoocommerce.test/index.php/panier/?add-to-cart=744,,1970-01-29T00:00+00:00/1970-01-30T23:59+00:00,30000XAF,new,published,,
wc_post_id_742,"vestes patric","vestes patric",http://wordpresswoocommerce.test/wp-content/uploads/2020/08/617DGfIZ-0L._AC_UY445_-1.jpg,http://wordpresswoocommerce.test/index.php/product/vestes-patric-6/,"Vestes","Tegwendeshop",20000XAF,in stock,wc_post_id_742,http://wordpresswoocommerce.test/index.php/panier/?add-to-cart=742,,1970-01-29T00:00+00:00/1970-01-30T23:59+00:00,20000XAF,new,published,,
wc_post_id_740,"vestes patric","vestes patric",http://wordpresswoocommerce.test/wp-content/uploads/2020/08/71xY15rKcJL._AC_UX385_.jpg,http://wordpresswoocommerce.test/index.php/product/vestes-patric-5/,"Vestes","Tegwendeshop",20000XAF,in stock,wc_post_id_740,http://wordpresswoocommerce.test/index.php/panier/?add-to-cart=740,,1970-01-29T00:00+00:00/1970-01-30T23:59+00:00,20000XAF,new,published,,
wc_post_id_738,"vestes patric","vestes patric",http://wordpresswoocommerce.test/wp-content/uploads/2020/08/61Zh0CtrTUL._AC_UX385_.jpg,http://wordpresswoocommerce.test/index.php/product/vestes-patric-4/,"Vestes","Tegwendeshop",15000XAF,in stock,wc_post_id_738,http://wordpresswoocommerce.test/index.php/panier/?add-to-cart=738,,1970-01-29T00:00+00:00/1970-01-30T23:59+00:00,15000XAF,new,published,,
wc_post_id_736,"vestes patric","vestes patric",http://wordpresswoocommerce.test/wp-content/uploads/2020/08/61Dk7QuLP4L._AC_UL320_-1.jpg,http://wordpresswoocommerce.test/index.php/product/vestes-patric-3/,"Vestes","Tegwendeshop",20000XAF,in stock,wc_post_id_736,http://wordpresswoocommerce.test/index.php/panier/?add-to-cart=736,,1970-01-29T00:00+00:00/1970-01-30T23:59+00:00,20000XAF,new,published,,
wc_post_id_734,"vestes patric","vestes patric",http://wordpresswoocommerce.test/wp-content/uploads/2020/08/14f1a27c76a5f9ea4b9ab5e73b9dac37-navigateur_2259-2.jpg,http://wordpresswoocommerce.test/index.php/product/vestes-patric-2/,"Vestes","Tegwendeshop",2000XAF,in stock,wc_post_id_734,http://wordpresswoocommerce.test/index.php/panier/?add-to-cart=734,,1970-01-29T00:00+00:00/1970-01-30T23:59+00:00,2000XAF,new,published,,
wc_post_id_732,"Vestes patric","Vestes patric",http://wordpresswoocommerce.test/wp-content/uploads/2020/08/vestes-patric-taupe.jpg,http://wordpresswoocommerce.test/index.php/product/vestes-patric/,"Vestes","Tegwendeshop",20000XAF,in stock,wc_post_id_732,http://wordpresswoocommerce.test/index.php/panier/?add-to-cart=732,,1970-01-29T00:00+00:00/1970-01-30T23:59+00:00,20000XAF,new,published,,
wc_post_id_728,"Maison margiela","Maison margiela",http://wordpresswoocommerce.test/wp-content/uploads/2020/08/maison-margiela-chemise-en-popeline-de-coton.jpg,http://wordpresswoocommerce.test/index.php/product/maison-margiela/,"Chemises","Tegwendeshop",3000XAF,in stock,wc_post_id_728,http://wordpresswoocommerce.test/index.php/panier/?add-to-cart=728,,1970-01-29T00:00+00:00/1970-01-30T23:59+00:00,3000XAF,new,published,,
wc_post_id_726,"Dolce gabbana","Dolce gabbana",http://wordpresswoocommerce.test/wp-content/uploads/2020/08/sefr-chemise-en-popeline-de-coton-a-rayures-suneham.jpg,http://wordpresswoocommerce.test/index.php/product/dolce-gabbana-11/,"Chemises","Tegwendeshop",5000XAF,in stock,wc_post_id_726,http://wordpresswoocommerce.test/index.php/panier/?add-to-cart=726,,1970-01-29T00:00+00:00/1970-01-30T23:59+00:00,5000XAF,new,published,,
wc_post_id_724,"Dolce gabbana","Dolce gabbana",http://wordpresswoocommerce.test/wp-content/uploads/2020/08/thom-browne-chemise-en-popeline-de-coton-rayee.jpg,http://wordpresswoocommerce.test/index.php/product/dolce-gabbana-10/,"Chemises","Tegwendeshop",9000XAF,in stock,wc_post_id_724,http://wordpresswoocommerce.test/index.php/panier/?add-to-cart=724,,1970-01-29T00:00+00:00/1970-01-30T23:59+00:00,9000XAF,new,published,,
wc_post_id_722,"Dolce gabbana","Dolce gabbana",http://wordpresswoocommerce.test/wp-content/uploads/2020/08/tom-ford-homme-business-chemise-en-popeline.jpg,http://wordpresswoocommerce.test/index.php/product/dolce-gabbana-9/,"Chemises","Tegwendeshop",6000XAF,in stock,wc_post_id_722,http://wordpresswoocommerce.test/index.php/panier/?add-to-cart=722,,1970-01-29T00:00+00:00/1970-01-30T23:59+00:00,6000XAF,new,published,,
wc_post_id_720,"Dolce gabbana","Dolce gabbana",http://wordpresswoocommerce.test/wp-content/uploads/2020/08/umit-benan-b-chemise-col-droit-en-popeline-de-coton.jpg,http://wordpresswoocommerce.test/index.php/product/dolce-gabbana-8/,"Chemises","Tegwendeshop",6000XAF,in stock,wc_post_id_720,http://wordpresswoocommerce.test/index.php/panier/?add-to-cart=720,,1970-01-29T00:00+00:00/1970-01-30T23:59+00:00,6000XAF,new,published,,
wc_post_id_718,"Dolce gabbana","Dolce gabbana",http://wordpresswoocommerce.test/wp-content/uploads/2020/08/valentino-chemise-en-popeline-de-coton-a-logo-caoutchoute.jpg,http://wordpresswoocommerce.test/index.php/product/dolce-gabbana-7/,"Chemises","Tegwendeshop",8000XAF,in stock,wc_post_id_718,http://wordpresswoocommerce.test/index.php/panier/?add-to-cart=718,,1970-01-29T00:00+00:00/1970-01-30T23:59+00:00,8000XAF,new,published,,
wc_post_id_716,"Dolce gabbana","Dolce gabbana",http://wordpresswoocommerce.test/wp-content/uploads/2020/08/valentino-chemise-en-popeline-de-coton-imprime-logo.jpg,http://wordpresswoocommerce.test/index.php/product/dolce-gabbana-6/,"Chemises","Tegwendeshop",7000XAF,in stock,wc_post_id_716,http://wordpresswoocommerce.test/index.php/panier/?add-to-cart=716,,1970-01-29T00:00+00:00/1970-01-30T23:59+00:00,7000XAF,new,published,,
wc_post_id_714,"Dolce gabbana","Dolce gabbana",http://wordpresswoocommerce.test/wp-content/uploads/2020/08/versace-chemise-en-popeline-de-coton-rayee-a-imprime.jpg,http://wordpresswoocommerce.test/index.php/product/dolce-gabbana-5/,"Chemises","Tegwendeshop",6000XAF,in stock,wc_post_id_714,http://wordpresswoocommerce.test/index.php/panier/?add-to-cart=714,,1970-01-29T00:00+00:00/1970-01-30T23:59+00:00,6000XAF,new,published,,
wc_post_id_712,"Dolce gabbana","Dolce gabbana",http://wordpresswoocommerce.test/wp-content/uploads/2020/08/z-zegna-chemise-en-popeline-de-coton-stretch-coupe-slim.jpg,http://wordpresswoocommerce.test/index.php/product/dolce-gabbana-4/,"Chemises","Tegwendeshop",10000XAF,in stock,wc_post_id_712,http://wordpresswoocommerce.test/index.php/panier/?add-to-cart=712,,1970-01-29T00:00+00:00/1970-01-30T23:59+00:00,10000XAF,new,published,,
wc_post_id_710,"Dolce gabbana","Dolce gabbana",http://wordpresswoocommerce.test/wp-content/uploads/2020/08/dolce-gabbana-homme-business-chemise-cintree-en-popeline-de-coton-melange-1.jpg,http://wordpresswoocommerce.test/index.php/product/dolce-gabbana-3/,"Chemises","Tegwendeshop",5000XAF,in stock,wc_post_id_710,http://wordpresswoocommerce.test/index.php/panier/?add-to-cart=710,,1970-01-29T00:00+00:00/1970-01-30T23:59+00:00,5000XAF,new,published,,
wc_post_id_707,"Dolce gabbana","Dolce gabbana",http://wordpresswoocommerce.test/wp-content/uploads/2020/08/dolce-gabbana-homme-business-chemise-cintree-en-popeline-de-coton-melange.jpg,http://wordpresswoocommerce.test/index.php/product/dolce-gabbana-2/,"Chemises","Tegwendeshop",5000XAF,in stock,wc_post_id_707,http://wordpresswoocommerce.test/index.php/panier/?add-to-cart=707,,1970-01-29T00:00+00:00/1970-01-30T23:59+00:00,5000XAF,new,published,,
Burberry chemise_705,"Dolce gabbana","Dolce gabbana",http://wordpresswoocommerce.test/wp-content/uploads/2020/08/dolce-gabbana-chemise-en-popeline-de-coton-a-logo-imprime.jpg,http://wordpresswoocommerce.test/index.php/product/dolce-gabbana/,"Chemises","Tegwendeshop",5000XAF,in stock,Burberry chemise_705,http://wordpresswoocommerce.test/index.php/panier/?add-to-cart=705,,1970-01-29T00:00+00:00/1970-01-30T23:59+00:00,5000XAF,new,published,,
wc_post_id_704,"Burberry chemise","Burberry chemise",http://wordpresswoocommerce.test/wp-content/uploads/2020/08/dolce-gabbana-chemise-en-coton-a-broderie-logo-couronne.jpg,http://wordpresswoocommerce.test/index.php/product/burberry-chemise-3/,"Chemises","Tegwendeshop",5000XAF,in stock,wc_post_id_704,http://wordpresswoocommerce.test/index.php/panier/?add-to-cart=704,,1970-01-29T00:00+00:00/1970-01-30T23:59+00:00,5000XAF,new,published,,
wc_post_id_702,"burberry-chemise","burberry-chemise",http://wordpresswoocommerce.test/wp-content/uploads/2020/08/comme-des-garcons-chemise-en-popeline-de-coton-avevc-double-poignet.jpg,http://wordpresswoocommerce.test/index.php/product/burberry-chemise-2/,"Chemises","Tegwendeshop",5000XAF,in stock,wc_post_id_702,http://wordpresswoocommerce.test/index.php/panier/?add-to-cart=702,,1970-01-29T00:00+00:00/1970-01-30T23:59+00:00,5000XAF,new,published,,
wc_post_id_699,"Burberry chemise","Burberry chemise",http://wordpresswoocommerce.test/wp-content/uploads/2020/08/burberry-chemise-en-popeline-de-coton-stretch-somerton.jpg,http://wordpresswoocommerce.test/index.php/product/burberry-chemise/,"Chemises","Tegwendeshop",10000XAF,in stock,wc_post_id_699,http://wordpresswoocommerce.test/index.php/panier/?add-to-cart=699,,1970-01-29T00:00+00:00/1970-01-30T23:59+00:00,10000XAF,new,published,,
wc_post_id_698,"Balmain chemise","Balmain chemise",http://wordpresswoocommerce.test/wp-content/uploads/2020/08/burberry-chemise-en-popeline-de-coton-a-carreaux.jpg,http://wordpresswoocommerce.test/index.php/product/balmain-chemise-3/,"Chemises","Tegwendeshop",1000XAF,in stock,wc_post_id_698,http://wordpresswoocommerce.test/index.php/panier/?add-to-cart=698,,1970-01-29T00:00+00:00/1970-01-30T23:59+00:00,1000XAF,new,published,,
wc_post_id_696,"balmain-chemise","balmain-chemise",http://wordpresswoocommerce.test/wp-content/uploads/2020/08/barena-chemise-en-popeline-de-coton-a-rayures.jpg,http://wordpresswoocommerce.test/index.php/product/balmain-chemise-2/,"Chemises","Tegwendeshop",2000XAF,in stock,wc_post_id_696,http://wordpresswoocommerce.test/index.php/panier/?add-to-cart=696,,1970-01-29T00:00+00:00/1970-01-30T23:59+00:00,2000XAF,new,published,,
wc_post_id_693,"Balmain chemise","Balmain chemise",http://wordpresswoocommerce.test/wp-content/uploads/2020/08/balmain-chemise-en-popeline-de-coton-avec-logo-brode.jpg,http://wordpresswoocommerce.test/index.php/product/balmain-chemise/,"Chemises","Tegwendeshop",10000XAF,in stock,wc_post_id_693,http://wordpresswoocommerce.test/index.php/panier/?add-to-cart=693,,1970-01-29T00:00+00:00/1970-01-30T23:59+00:00,10000XAF,new,published,,
wc_post_id_691,"Balenciaga chemise","Balenciaga chemise",http://wordpresswoocommerce.test/wp-content/uploads/2020/08/balenciaga-chemise-zippee-en-popeline-de-coton-imprime-logo.jpg,http://wordpresswoocommerce.test/index.php/product/balenciaga-chemise-3/,"Chemises","Tegwendeshop",5000XAF,in stock,wc_post_id_691,http://wordpresswoocommerce.test/index.php/panier/?add-to-cart=691,,1970-01-29T00:00+00:00/1970-01-30T23:59+00:00,5000XAF,new,published,,
wc_post_id_690,"Balenciaga chemise","Balenciaga chemise",http://wordpresswoocommerce.test/wp-content/uploads/2020/08/balenciaga-chemise-en-popeline-de-coton-imprime-crew.jpg,http://wordpresswoocommerce.test/index.php/product/balenciaga-chemise-2/,"Chemises","Tegwendeshop",5000XAF,in stock,wc_post_id_690,http://wordpresswoocommerce.test/index.php/panier/?add-to-cart=690,,1970-01-29T00:00+00:00/1970-01-30T23:59+00:00,5000XAF,new,published,,
wc_post_id_688,"Balenciaga chemise","Balenciaga chemise",http://wordpresswoocommerce.test/wp-content/uploads/2020/08/balenciaga-chemise-en-popeline-de-coton-avec-logo.jpg,http://wordpresswoocommerce.test/index.php/product/balenciaga-chemise/,"Chemises","Tegwendeshop",20000XAF,in stock,wc_post_id_688,http://wordpresswoocommerce.test/index.php/panier/?add-to-cart=688,,1970-01-29T00:00+00:00/1970-01-30T23:59+00:00,20000XAF,new,published,,
wc_post_id_686,"Armani chemise","Armani chemise",http://wordpresswoocommerce.test/wp-content/uploads/2020/08/armani-chemise-en-serge-de-coton-a-lisere.jpg,http://wordpresswoocommerce.test/index.php/product/armani-chemise-4/,"Chemises","Tegwendeshop",10000XAF,in stock,wc_post_id_686,http://wordpresswoocommerce.test/index.php/panier/?add-to-cart=686,,1970-01-29T00:00+00:00/1970-01-30T23:59+00:00,10000XAF,new,published,,
wc_post_id_684,"Armani chemise","Armani chemise",http://wordpresswoocommerce.test/wp-content/uploads/2020/08/armani-chemise-en-popeline-de-coton-bicolore-1.jpg,http://wordpresswoocommerce.test/index.php/product/armani-chemise-3/,"Chemises","Tegwendeshop",4500XAF,in stock,wc_post_id_684,http://wordpresswoocommerce.test/index.php/panier/?add-to-cart=684,,1970-01-29T00:00+00:00/1970-01-30T23:59+00:00,4500XAF,new,published,,
wc_post_id_682,"Armani chemise","Armani chemise",http://wordpresswoocommerce.test/wp-content/uploads/2020/08/armani-chemise-en-popeline-de-coton-a-col-droit.jpg,http://wordpresswoocommerce.test/index.php/product/armani-chemise-2/,"Chemises","Tegwendeshop",5000XAF,in stock,wc_post_id_682,http://wordpresswoocommerce.test/index.php/panier/?add-to-cart=682,,1970-01-29T00:00+00:00/1970-01-30T23:59+00:00,5000XAF,new,published,,
wc_post_id_680,"Armani chemise","Armani chemise",http://wordpresswoocommerce.test/wp-content/uploads/2020/08/armani-chemise-en-popeline-de-coton.jpg,http://wordpresswoocommerce.test/index.php/product/armani-chemise/,"Chemises","Tegwendeshop",40000XAF,in stock,wc_post_id_680,http://wordpresswoocommerce.test/index.php/panier/?add-to-cart=680,,1970-01-29T00:00+00:00/1970-01-30T23:59+00:00,40000XAF,new,published,,
wc_post_id_677,"Amiri chemise","Amiri chemise",http://wordpresswoocommerce.test/wp-content/uploads/2020/08/amiri-chemise-rayee-en-popeline.jpg,http://wordpresswoocommerce.test/index.php/product/amiri-chemise/,"Chemises","Tegwendeshop",4000XAF,in stock,wc_post_id_677,http://wordpresswoocommerce.test/index.php/panier/?add-to-cart=677,,1970-01-29T00:00+00:00/1970-01-30T23:59+00:00,4000XAF,new,published,,
wc_post_id_676,"Alexander Mcqueen","Alexander Mcqueen",http://wordpresswoocommerce.test/wp-content/uploads/2020/08/alexander-mcqueen-chemise-en-popeline-de-coton-bio-slashed-dtl.jpg,http://wordpresswoocommerce.test/index.php/product/alexander-mcqueen/,"Chemises","Tegwendeshop",5000XAF,in stock,wc_post_id_676,http://wordpresswoocommerce.test/index.php/panier/?add-to-cart=676,,1970-01-29T00:00+00:00/1970-01-30T23:59+00:00,5000XAF,new,published,,
wc_post_id_596,"Robes-Manches Longues Violet","Robes-Manches Longues Violet",http://wordpresswoocommerce.test/wp-content/uploads/2020/08/Robes-Manches-Longues-Femme-Violet-Sexy-V-cou-Manches-Mi-longues-8861.jpg,http://wordpresswoocommerce.test/index.php/product/robes-manches-longues-violet/,"Robes manches longues","Tegwendeshop",15000XAF,in stock,wc_post_id_596,http://wordpresswoocommerce.test/index.php/panier/?add-to-cart=596,,1970-01-29T00:00+00:00/1970-01-30T23:59+00:00,15000XAF,new,published,,
wc_post_id_594,"Robes-Manches Longues col Pleine","Robes-Manches Longues col Pleine",http://wordpresswoocommerce.test/wp-content/uploads/2020/08/Robes-Manches-Longues-Femme-V-col-Pleine-Pas-Cher-Jupes-Droites-Courtes-8871.jpg,http://wordpresswoocommerce.test/index.php/product/robes-manches-longues-col-pleine-2/,"Robes manches longues","Tegwendeshop",10000XAF,in stock,wc_post_id_594,http://wordpresswoocommerce.test/index.php/panier/?add-to-cart=594,,1970-01-29T00:00+00:00/1970-01-30T23:59+00:00,10000XAF,new,published,,
wc_post_id_591,"Robes-Manches Longues Col Pleine","Robes-Manches Longues Col Pleine",http://wordpresswoocommerce.test/wp-content/uploads/2020/08/Robes-Manches-Longues-Femme-V-col-Pleine-Pas-Cher-Jupes-Droites-Courtes-8870.jpg,http://wordpresswoocommerce.test/index.php/product/robes-manches-longues-col-pleine/,"Robes manches longues","Tegwendeshop",20000XAF,in stock,wc_post_id_591,http://wordpresswoocommerce.test/index.php/panier/?add-to-cart=591,,1970-01-29T00:00+00:00/1970-01-30T23:59+00:00,20000XAF,new,published,,
wc_post_id_589,"Robes-Manches Longues Complet","Robes-Manches Longues Complet",http://wordpresswoocommerce.test/wp-content/uploads/2020/08/Robes-Manches-Longues-Femme-V-col-Complet-Pas-Cher-Jupes-Courtes-A-ligne-8853.jpg,http://wordpresswoocommerce.test/index.php/product/robes-manches-longues-complet/,"Robes manches longues","Tegwendeshop",19000XAF,in stock,wc_post_id_589,http://wordpresswoocommerce.test/index.php/panier/?add-to-cart=589,,1970-01-29T00:00+00:00/1970-01-30T23:59+00:00,19000XAF,new,published,,
wc_post_id_581,"Robes-Manches Longues Gris","Robes-Manches Longues Gris",http://wordpresswoocommerce.test/wp-content/uploads/2020/08/Robes-Manches-Longues-Femme-Trois-Gris-À-Encolure-En-V-Quart-Pas-Cher-A-ligne-Jupes-Courtes-8855.jpg,http://wordpresswoocommerce.test/index.php/product/robes-manches-longues-gris-2/,"Robes manches longues","Tegwendeshop",18000XAF,in stock,wc_post_id_581,http://wordpresswoocommerce.test/index.php/panier/?add-to-cart=581,,1970-01-29T00:00+00:00/1970-01-30T23:59+00:00,18000XAF,new,published,,
wc_post_id_579,"Robes-Manches Longues Tous-Mode","Robes-Manches Longues Tous-Mode",http://wordpresswoocommerce.test/wp-content/uploads/2020/08/Robes-Manches-Longues-Femme-Tous-Mode-8849.jpg,http://wordpresswoocommerce.test/index.php/product/robes-manches-longues-tous-mode/,"Robes manches longues","Tegwendeshop",17000XAF,in stock,wc_post_id_579,http://wordpresswoocommerce.test/index.php/panier/?add-to-cart=579,,1970-01-29T00:00+00:00/1970-01-30T23:59+00:00,17000XAF,new,published,,
wc_post_id_577,"Robes-Manches Longues Noir","Robes-Manches Longues Noir",http://wordpresswoocommerce.test/wp-content/uploads/2020/08/Robes-Manches-Longues-Femme-Sexy-Noir-O-cou-Complet-Pas-Cher-A-ligne-Jupes-Courtes-8864.jpg,http://wordpresswoocommerce.test/index.php/product/robes-manches-longues-noir-7/,"Robes manches longues","Tegwendeshop",16000XAF,in stock,wc_post_id_577,http://wordpresswoocommerce.test/index.php/panier/?add-to-cart=577,,1970-01-29T00:00+00:00/1970-01-30T23:59+00:00,16000XAF,new,published,,
wc_post_id_575,"Robes-Manches Longues Rouge","Robes-Manches Longues Rouge",http://wordpresswoocommerce.test/wp-content/uploads/2020/08/Robes-Manches-Longues-Femme-Sexy-O-col-Full-Pas-Cher-Droite-Cheville-Longueur-Rouge-8865.jpg,http://wordpresswoocommerce.test/index.php/product/robes-manches-longues-rouge-3/,"Robes manches longues","Tegwendeshop",15000XAF,in stock,wc_post_id_575,http://wordpresswoocommerce.test/index.php/panier/?add-to-cart=575,,1970-01-29T00:00+00:00/1970-01-30T23:59+00:00,15000XAF,new,published,,
wc_post_id_573,"Robes-Manches Longues Mi- Longues","Robes-Manches Longues Mi- Longues",http://wordpresswoocommerce.test/wp-content/uploads/2020/08/Robes-Manches-Longues-Femme-Sexy-O-col-Pleine-Pas-Cher-Mi-longues-A-ligne-Rouge-8863.jpg,http://wordpresswoocommerce.test/index.php/product/robes-manches-longues-mi-longues/,"Robes manches longues","Tegwendeshop",14000XAF,in stock,wc_post_id_573,http://wordpresswoocommerce.test/index.php/panier/?add-to-cart=573,,1970-01-29T00:00+00:00/1970-01-30T23:59+00:00,14000XAF,new,published,,
wc_post_id_571,"Robes-Manches Longues Noir","Robes-Manches Longues Noir",http://wordpresswoocommerce.test/wp-content/uploads/2020/08/Robes-Manches-Longues-Femme-Sexy-Noir-O-cou-Complet-Pas-Cher-A-ligne-Jupes-Courtes-8862.jpg,http://wordpresswoocommerce.test/index.php/product/robes-manches-longues-noir-6/,"Robes manches longues","Tegwendeshop",13000XAF,in stock,wc_post_id_571,http://wordpresswoocommerce.test/index.php/panier/?add-to-cart=571,,1970-01-29T00:00+00:00/1970-01-30T23:59+00:00,13000XAF,new,published,,
wc_post_id_569,"Robes-Manches Longues Noir","Robes-Manches Longues Noir",http://wordpresswoocommerce.test/wp-content/uploads/2020/08/Robes-Manches-Longues-Femme-Sexy-Noir-O-cou-Complet-Pas-Cher-A-ligne-Jupes-Courtes-8858-1.jpg,http://wordpresswoocommerce.test/index.php/product/robes-manches-longues-noir-5/,"Robes manches longues","Tegwendeshop",12000XAF,in stock,wc_post_id_569,http://wordpresswoocommerce.test/index.php/panier/?add-to-cart=569,,1970-01-29T00:00+00:00/1970-01-30T23:59+00:00,12000XAF,new,published,,
wc_post_id_567,"Robes-Manches Longues Rose","Robes-Manches Longues Rose",http://wordpresswoocommerce.test/wp-content/uploads/2020/08/Robes-Manches-Longues-Femme-Rose-Sexy-O-cou-Complet-Pas-Cher-A-ligne-Jupes-Courtes-8868.jpg,http://wordpresswoocommerce.test/index.php/product/robes-manches-longues-rose/,"Robes manches longues","Tegwendeshop",11000XAF,in stock,wc_post_id_567,http://wordpresswoocommerce.test/index.php/panier/?add-to-cart=567,,1970-01-29T00:00+00:00/1970-01-30T23:59+00:00,11000XAF,new,published,,
wc_post_id_565,"Robes-Manches Longues Prix Spécial","Robes-Manches Longues Prix Spécial",http://wordpresswoocommerce.test/wp-content/uploads/2020/08/Robes-Manches-Longues-Femme-Prix-Spécial-Bref-O-col-Pleine-Longueur-Droite-Genou-Noir-8856.jpg,http://wordpresswoocommerce.test/index.php/product/robes-manches-longues-prix-special/,"Robes manches longues","Tegwendeshop",10000XAF,in stock,wc_post_id_565,http://wordpresswoocommerce.test/index.php/panier/?add-to-cart=565,,1970-01-29T00:00+00:00/1970-01-30T23:59+00:00,10000XAF,new,published,,
wc_post_id_563,"Robes-Manches Longues Noir","Robes-Manches Longues Noir",http://wordpresswoocommerce.test/wp-content/uploads/2020/08/Robes-Manches-Longues-Femme-Noir-V-col-Pleine-Pas-Cher-Mi-longues-A-ligne-8854.jpg,http://wordpresswoocommerce.test/index.php/product/robes-manches-longues-noir-4/,"Robes manches longues","Tegwendeshop",20000XAF,in stock,wc_post_id_563,http://wordpresswoocommerce.test/index.php/panier/?add-to-cart=563,,1970-01-29T00:00+00:00/1970-01-30T23:59+00:00,20000XAF,new,published,,
wc_post_id_561,"Robes-Manches Longues Noir","Robes-Manches Longues Noir",http://wordpresswoocommerce.test/wp-content/uploads/2020/08/Robes-Manches-Longues-Femme-Noir-O-col-Pleine-Pas-Cher-Jupes-A-ligne-Courte-8874-1.jpg,http://wordpresswoocommerce.test/index.php/product/robes-manches-longues-noir-3/,"Robes manches longues","Tegwendeshop",19000XAF,in stock,wc_post_id_561,http://wordpresswoocommerce.test/index.php/panier/?add-to-cart=561,,1970-01-29T00:00+00:00/1970-01-30T23:59+00:00,19000XAF,new,published,,
wc_post_id_559,"Robes-Manches Longues Noir","Robes-Manches Longues Noir",http://wordpresswoocommerce.test/wp-content/uploads/2020/08/Robes-Manches-Longues-Femme-Noir-O-col-Pleine-Pas-Cher-Jupes-A-ligne-Courte-8860.jpg,http://wordpresswoocommerce.test/index.php/product/robes-manches-longues-noir-2/,"Robes manches longues","Tegwendeshop",18000XAF,in stock,wc_post_id_559,http://wordpresswoocommerce.test/index.php/panier/?add-to-cart=559,,1970-01-29T00:00+00:00/1970-01-30T23:59+00:00,18000XAF,new,published,,
wc_post_id_557,"Robes-Manches Longue Noir col-Pleine","Robes-Manches Longue Noir col-Pleine",http://wordpresswoocommerce.test/wp-content/uploads/2020/08/Robes-Manches-Longues-Femme-Noir-O-col-Pleine-Pas-Cher-Jupes-A-ligne-Courte-8852.jpg,http://wordpresswoocommerce.test/index.php/product/robes-manches-longue-noir-col-pleine/,"Robes manches longues","Tegwendeshop",17000XAF,in stock,wc_post_id_557,http://wordpresswoocommerce.test/index.php/panier/?add-to-cart=557,,1970-01-29T00:00+00:00/1970-01-30T23:59+00:00,17000XAF,new,published,,
wc_post_id_555,"Robes-Manches Longues Noir","Robes-Manches Longues Noir",http://wordpresswoocommerce.test/wp-content/uploads/2020/08/Robes-Manches-Longues-Femme-Noir-O-col-Pleine-Pas-Cher-Jupes-A-ligne-Courte-8874.jpg,http://wordpresswoocommerce.test/index.php/product/robes-manches-longues-noir/,"Robes manches longues","Tegwendeshop",16000XAF,in stock,wc_post_id_555,http://wordpresswoocommerce.test/index.php/panier/?add-to-cart=555,,1970-01-29T00:00+00:00/1970-01-30T23:59+00:00,16000XAF,new,published,,
wc_post_id_553,"Robes-Manches Longues Rouge","Robes-Manches Longues Rouge",http://wordpresswoocommerce.test/wp-content/uploads/2020/08/Robes-Manches-Longues-Femme-Inférieure-Rouge-O-col-Pleine-Pas-Cher-A-ligne-Cheville-Longueur-8875.jpg,http://wordpresswoocommerce.test/index.php/product/robes-manches-longues-rouge-2/,"Robes manches longues","Tegwendeshop",15000XAF,in stock,wc_post_id_553,http://wordpresswoocommerce.test/index.php/panier/?add-to-cart=553,,1970-01-29T00:00+00:00/1970-01-30T23:59+00:00,15000XAF,new,published,,
wc_post_id_551,"Robes-Manches Longues Gris","Robes-Manches Longues Gris",http://wordpresswoocommerce.test/wp-content/uploads/2020/08/Robes-Manches-Longues-Femme-Gris-Cou-Slash-Complet-Jupes-Courtes-8850.jpg,http://wordpresswoocommerce.test/index.php/product/robes-manches-longues-gris/,"Robes manches longues","Tegwendeshop",14000XAF,in stock,wc_post_id_551,http://wordpresswoocommerce.test/index.php/panier/?add-to-cart=551,,1970-01-29T00:00+00:00/1970-01-30T23:59+00:00,14000XAF,new,published,,
wc_post_id_549,"Robes-Manches Longues Rouge","Robes-Manches Longues Rouge",http://wordpresswoocommerce.test/wp-content/uploads/2020/08/Robes-Manches-Longues-Femme-Bref-Rouge-Mignon-O-cou-Jupe-Crayon-Jupes-Courtes-Pas-Cher-Pleine-8872-1.jpg,http://wordpresswoocommerce.test/index.php/product/robes-manches-longues-rouge/,"Robes manches longues","Tegwendeshop",13000XAF,in stock,wc_post_id_549,http://wordpresswoocommerce.test/index.php/panier/?add-to-cart=549,,1970-01-29T00:00+00:00/1970-01-30T23:59+00:00,13000XAF,new,published,,
wc_post_id_547,"Robes-Manches Longues Bleu","Robes-Manches Longues Bleu",http://wordpresswoocommerce.test/wp-content/uploads/2020/08/Robes-Manches-Longues-Femme-Bleu-Stand-Genoux-Pas-Cher-Robe-De-Bal-Mi-longues-8877.jpg,http://wordpresswoocommerce.test/index.php/product/robes-manches-longues-bleu-2/,"Robes manches longues","Tegwendeshop",12000XAF,in stock,wc_post_id_547,http://wordpresswoocommerce.test/index.php/panier/?add-to-cart=547,,1970-01-29T00:00+00:00/1970-01-30T23:59+00:00,12000XAF,new,published,,
wc_post_id_545,"Robes-Manches Longues Bleu","Robes-Manches Longues Bleu",http://wordpresswoocommerce.test/wp-content/uploads/2020/08/Robes-Manches-Longues-Femme-Bleu-O-col-Complète-Des-Jupes-Courtes-Pas-Cher-8873-1.jpg,http://wordpresswoocommerce.test/index.php/product/robes-manches-longues-bleu/,"Robes manches longues","Tegwendeshop",11000XAF,in stock,wc_post_id_545,http://wordpresswoocommerce.test/index.php/panier/?add-to-cart=545,,1970-01-29T00:00+00:00/1970-01-30T23:59+00:00,11000XAF,new,published,,
wc_post_id_541,"Robes-Manches Longues Blanc","Robes-Manches Longues Blanc",http://wordpresswoocommerce.test/wp-content/uploads/2020/08/Robes-Manches-Longues-Femme-Blanc-O-col-Pleine-Pas-Cher-Jupes-A-ligne-Courte-8866.jpg,http://wordpresswoocommerce.test/index.php/product/robes-manches-longues-blanc/,"Robes manches longues","Tegwendeshop",10000XAF,in stock,wc_post_id_541,http://wordpresswoocommerce.test/index.php/panier/?add-to-cart=541,,1970-01-29T00:00+00:00/1970-01-30T23:59+00:00,10000XAF,new,published,,
wc_post_id_539,"Maxi-Robes Sexy Rouge Club","Maxi-Robes Sexy Rouge Club",http://wordpresswoocommerce.test/wp-content/uploads/2020/08/Maxi-Robes-Femme-Sexy-Rouge-Club-O-col-Manches-Parole-Longueur-Droite-5827.jpg,http://wordpresswoocommerce.test/index.php/product/maxi-robes-sexy-rouge-club/,"Maxi Robes","Tegwendeshop",82000XAF,in stock,wc_post_id_539,http://wordpresswoocommerce.test/index.php/panier/?add-to-cart=539,,1970-01-29T00:00+00:00/1970-01-30T23:59+00:00,82000XAF,new,published,,
wc_post_id_537,"Maxi-Robes Sexy Noir","Maxi-Robes Sexy Noir",http://wordpresswoocommerce.test/wp-content/uploads/2020/08/Maxi-Robes-Femme-Sexy-Noir-Club-V-col-Manches-Parole-Longueur-Droite-5826.jpg,http://wordpresswoocommerce.test/index.php/product/maxi-robes-sexy-noir/,"Maxi Robes","Tegwendeshop",72000XAF,in stock,wc_post_id_537,http://wordpresswoocommerce.test/index.php/panier/?add-to-cart=537,,1970-01-29T00:00+00:00/1970-01-30T23:59+00:00,72000XAF,new,published,,
wc_post_id_535,"Maxi-Robes Sexy Club ","Maxi-Robes Sexy Club ",http://wordpresswoocommerce.test/wp-content/uploads/2020/08/Maxi-Robes-Femme-Sexy-Club-V-col-Pas-Cher-À-Plein-parole-Longueur-Droite-5829.jpg,http://wordpresswoocommerce.test/index.php/product/maxi-robes-sexy-club-2/,"Maxi Robes","Tegwendeshop",62000XAF,in stock,wc_post_id_535,http://wordpresswoocommerce.test/index.php/panier/?add-to-cart=535,,1970-01-29T00:00+00:00/1970-01-30T23:59+00:00,62000XAF,new,published,,
wc_post_id_533,"Maxi-Robes Femme Sexy Club","Maxi-Robes Femme Sexy Club",http://wordpresswoocommerce.test/wp-content/uploads/2020/08/Maxi-Robes-Femme-Sexy-Club-V-col-Pas-Cher-À-Plein-parole-Longueur-Droite-5816-1.jpg,http://wordpresswoocommerce.test/index.php/product/maxi-robes-femme-sexy-club/,"Maxi Robes","Tegwendeshop",52000XAF,in stock,wc_post_id_533,http://wordpresswoocommerce.test/index.php/panier/?add-to-cart=533,,1970-01-29T00:00+00:00/1970-01-30T23:59+00:00,52000XAF,new,published,,
wc_post_id_527,"Maxi-Robes col Manches Spaghetti","Maxi-Robes col Manches Spaghetti",http://wordpresswoocommerce.test/wp-content/uploads/2020/08/Maxi-Robes-Femme-Sexy-Club-V-col-Manches-Spaghetti-Bretelles-Parole-Longueur-5834.jpg,http://wordpresswoocommerce.test/index.php/product/maxi-robes-col-manches-spaghetti/,"Maxi Robes","Tegwendeshop",91000XAF,in stock,wc_post_id_527,http://wordpresswoocommerce.test/index.php/panier/?add-to-cart=527,,1970-01-29T00:00+00:00/1970-01-30T23:59+00:00,91000XAF,new,published,,
wc_post_id_525,"Maxi-Robes Plein Cheville","Maxi-Robes Plein Cheville",http://wordpresswoocommerce.test/wp-content/uploads/2020/08/Maxi-Robes-Femme-Sexy-Club-V-col-Droit-Pas-Cher-À-Plein-Cheville-Longueur-5824.jpg,http://wordpresswoocommerce.test/index.php/product/maxi-robes-plein-cheville/,"Maxi Robes","Tegwendeshop",81000XAF,in stock,wc_post_id_525,http://wordpresswoocommerce.test/index.php/panier/?add-to-cart=525,,1970-01-29T00:00+00:00/1970-01-30T23:59+00:00,81000XAF,new,published,,
wc_post_id_523,"Maxi-Robes Bretelles Sans Manches","Maxi-Robes Bretelles Sans Manches",http://wordpresswoocommerce.test/wp-content/uploads/2020/08/Maxi-Robes-Femme-Sexy-Club-Bretelles-Sans-Manches-De-L-épaule-Droite-5808.jpg,http://wordpresswoocommerce.test/index.php/product/maxi-robes-bretelles-sans-manches-2/,"Maxi Robes","Tegwendeshop",81000XAF,in stock,wc_post_id_523,http://wordpresswoocommerce.test/index.php/panier/?add-to-cart=523,,1970-01-29T00:00+00:00/1970-01-30T23:59+00:00,81000XAF,new,published,,
wc_post_id_521,"Maxi-Robes Sans Manches Bretelles","Maxi-Robes Sans Manches Bretelles",http://wordpresswoocommerce.test/wp-content/uploads/2020/08/Maxi-Robes-Femme-Sexy-Beach-Club-Sans-Manches-Bretelles-Spaghetti-Sangle-5811.jpg,http://wordpresswoocommerce.test/index.php/product/maxi-robes-sans-manches-bretelles/,"Maxi Robes","Tegwendeshop",71000XAF,in stock,wc_post_id_521,http://wordpresswoocommerce.test/index.php/panier/?add-to-cart=521,,1970-01-29T00:00+00:00/1970-01-30T23:59+00:00,71000XAF,new,published,,
wc_post_id_518,"Maxi-Robes  Manches Spaghetti Strap","Maxi-Robes  Manches Spaghetti Strap",http://wordpresswoocommerce.test/wp-content/uploads/2020/08/Maxi-Robes-Femme-Sexy-Beach-Club-Manches-Spaghetti-Strap-Droite-parole-Longueur-5822.jpg,http://wordpresswoocommerce.test/index.php/product/maxi-robes-manches-spaghetti-strap/,"Maxi Robes","Tegwendeshop",61000XAF,in stock,wc_post_id_518,http://wordpresswoocommerce.test/index.php/panier/?add-to-cart=518,,1970-01-29T00:00+00:00/1970-01-30T23:59+00:00,61000XAF,new,published,,
wc_post_id_516,"Maxi-Robes- Manches Spaghetti","Maxi-Robes- Manches Spaghetti",http://wordpresswoocommerce.test/wp-content/uploads/2020/08/Maxi-Robes-Femme-Sexy-Beach-Club-Manches-Spaghetti-Strap-Droite-parole-Longueur-5812.jpg,http://wordpresswoocommerce.test/index.php/product/maxi-robes-manches-spaghetti/,"Maxi Robes","Tegwendeshop",51000XAF,in stock,wc_post_id_516,http://wordpresswoocommerce.test/index.php/panier/?add-to-cart=516,,1970-01-29T00:00+00:00/1970-01-30T23:59+00:00,51000XAF,new,published,,
wc_post_id_514,"Maxi-Robes Sexy Beach Club","Maxi-Robes Sexy Beach Club",http://wordpresswoocommerce.test/wp-content/uploads/2020/08/Maxi-Robes-Femme-Sexy-Beach-Club-Manches-Spaghetti-Strap-Droite-parole-Longueur-5810.jpg,http://wordpresswoocommerce.test/index.php/product/maxi-robes-sexy-beach-club-2/,"Maxi Robes","Tegwendeshop",95000XAF,in stock,wc_post_id_514,http://wordpresswoocommerce.test/index.php/panier/?add-to-cart=514,,1970-01-29T00:00+00:00/1970-01-30T23:59+00:00,95000XAF,new,published,,
wc_post_id_512,"Maxi-Robes Sexy Beach Club Halter","Maxi-Robes Sexy Beach Club Halter",http://wordpresswoocommerce.test/wp-content/uploads/2020/08/Maxi-Robes-Femme-Sexy-Beach-Club-Halter-Manches-Spaghetti-Sangle-Lâche-parole-Longueur-5835.jpg,http://wordpresswoocommerce.test/index.php/product/maxi-robes-sexy-beach-club-halter/,"Maxi Robes","Tegwendeshop",85000XAF,in stock,wc_post_id_512,http://wordpresswoocommerce.test/index.php/panier/?add-to-cart=512,,1970-01-29T00:00+00:00/1970-01-30T23:59+00:00,85000XAF,new,published,,
wc_post_id_510,"Maxi-Robes Sexy Beach Club","Maxi-Robes Sexy Beach Club",http://wordpresswoocommerce.test/wp-content/uploads/2020/08/Maxi-Robes-Femme-Sexy-Beach-Club-Cou-Slash-Court-Manches-Papillon-Jupe-Droite-Step-parole-Longueur-5807.jpg,http://wordpresswoocommerce.test/index.php/product/maxi-robes-sexy-beach-club/,"Maxi Robes","Tegwendeshop",85000XAF,in stock,wc_post_id_510,http://wordpresswoocommerce.test/index.php/panier/?add-to-cart=510,,1970-01-29T00:00+00:00/1970-01-30T23:59+00:00,85000XAF,new,published,,
wc_post_id_508,"Maxi-Robes Plage Slash Cou Court","Maxi-Robes Plage Slash Cou Court",http://wordpresswoocommerce.test/wp-content/uploads/2020/08/Maxi-Robes-Femme-Plage-Slash-Cou-Court-5815.jpg,http://wordpresswoocommerce.test/index.php/product/maxi-robes-plage-slash-cou-court/,"Maxi Robes","Tegwendeshop",75000XAF,in stock,wc_post_id_508,http://wordpresswoocommerce.test/index.php/panier/?add-to-cart=508,,1970-01-29T00:00+00:00/1970-01-30T23:59+00:00,75000XAF,new,published,,
wc_post_id_504,"Maxi-Robes Réservoir Trompette Sirène","Maxi-Robes Réservoir Trompette Sirène",http://wordpresswoocommerce.test/wp-content/uploads/2020/08/Maxi-Robes-Femme-Noir-Sans-Manches-De-L-épaule-Réservoir-Trompette-Sirène-Parole-Longueur-6034.jpg,http://wordpresswoocommerce.test/index.php/product/maxi-robes-reservoir-trompette-sirene/,"Maxi Robes","Tegwendeshop",65000XAF,in stock,wc_post_id_504,http://wordpresswoocommerce.test/index.php/panier/?add-to-cart=504,,1970-01-29T00:00+00:00/1970-01-30T23:59+00:00,65000XAF,new,published,,
wc_post_id_502,"Maxi-Robes Manches Spaghetti Sangle ","Maxi-Robes Manches Spaghetti Sangle ",http://wordpresswoocommerce.test/wp-content/uploads/2020/08/Maxi-Robes-Femme-Manches-Spaghetti-Sangle-Droite-Cheville-Longueur-5818.jpg,http://wordpresswoocommerce.test/index.php/product/maxi-robes-manches-spaghetti-sangle/,"Maxi Robes","Tegwendeshop",55000XAF,in stock,wc_post_id_502,http://wordpresswoocommerce.test/index.php/panier/?add-to-cart=502,,1970-01-29T00:00+00:00/1970-01-30T23:59+00:00,55000XAF,new,published,,
wc_post_id_500,"Maxi-Robes Cou Rose Slash","Maxi-Robes Cou Rose Slash",http://wordpresswoocommerce.test/wp-content/uploads/2020/08/Maxi-Robes-Femme-Cou-Rose-Brief-Slash-Court-Droit-Classique-Cheville-Longueur-5825.jpg,http://wordpresswoocommerce.test/index.php/product/maxi-robes-cou-rose-slash/,"Maxi Robes","Tegwendeshop",100000XAF,in stock,wc_post_id_500,http://wordpresswoocommerce.test/index.php/panier/?add-to-cart=500,,1970-01-29T00:00+00:00/1970-01-30T23:59+00:00,100000XAF,new,published,,
wc_post_id_497,"Maxi-Robes Fines Bretelles","Maxi-Robes Fines Bretelles",http://wordpresswoocommerce.test/wp-content/uploads/2020/08/Maxi-Robes-Femme-Col-En-V-Manches-Fines-Bretelles-Trompette-Sirène-Parole-Longueur-5817.jpg,http://wordpresswoocommerce.test/index.php/product/maxi-robes-fines-bretelles/,"Maxi Robes","Tegwendeshop",90000XAF,in stock,wc_post_id_497,http://wordpresswoocommerce.test/index.php/panier/?add-to-cart=497,,1970-01-29T00:00+00:00/1970-01-30T23:59+00:00,90000XAF,new,published,,
wc_post_id_493,"Maxi-Robes Bretelles Sans-Manches","Maxi-Robes Bretelles Sans-Manches",http://wordpresswoocommerce.test/wp-content/uploads/2020/08/Maxi-Robes-Femme-Bretelles-Sans-Manches-De-L-épaule-Droite-parole-Longueur-5828.jpg,http://wordpresswoocommerce.test/index.php/product/maxi-robes-bretelles-sans-manches/,"Maxi Robes","Tegwendeshop",80000XAF,in stock,wc_post_id_493,http://wordpresswoocommerce.test/index.php/panier/?add-to-cart=493,,1970-01-29T00:00+00:00/1970-01-30T23:59+00:00,80000XAF,new,published,,
wc_post_id_491,"Maxi-Robes Sexy Club","Maxi-Robes Sexy Club",http://wordpresswoocommerce.test/wp-content/uploads/2020/08/Maxi-Robes-Femme-Bref-Sexy-Club-parole-Longueur-Manches-5814.jpg,http://wordpresswoocommerce.test/index.php/product/maxi-robes-sexy-club/,"Maxi Robes","Tegwendeshop",70000XAF,in stock,wc_post_id_491,http://wordpresswoocommerce.test/index.php/panier/?add-to-cart=491,,1970-01-29T00:00+00:00/1970-01-30T23:59+00:00,70000XAF,new,published,,
wc_post_id_489,"Maxi Robes Spaghetti Strap","Maxi Robes Spaghetti Strap",http://wordpresswoocommerce.test/wp-content/uploads/2020/08/Maxi-Robes-Femme-Bohême-O-col-Manches-Spaghetti-Strap-A-ligne-Cheville-Longueur-5819.jpg,http://wordpresswoocommerce.test/index.php/product/maxi-robes-spaghetti-strap/,"Maxi Robes","Tegwendeshop",60000XAF,in stock,wc_post_id_489,http://wordpresswoocommerce.test/index.php/panier/?add-to-cart=489,,1970-01-29T00:00+00:00/1970-01-30T23:59+00:00,60000XAF,new,published,,
wc_post_id_486,"Maxi Robes Bohème A  Ligne Cheville","Maxi Robes Bohème A  Ligne Cheville",http://wordpresswoocommerce.test/wp-content/uploads/2020/08/Maxi-Robes-Femme-Bohème-A-ligne-Cheville-Longueur-5823.jpg,http://wordpresswoocommerce.test/index.php/product/maxi-robes-boheme-a-ligne-cheville/,"Maxi Robes","Tegwendeshop",50000XAF,in stock,wc_post_id_486,http://wordpresswoocommerce.test/index.php/panier/?add-to-cart=486,,1970-01-29T00:00+00:00/1970-01-30T23:59+00:00,50000XAF,new,published,,
wc_post_id_479,"Robes de fête verte zoom","Robes de fête verte zoom",http://wordpresswoocommerce.test/wp-content/uploads/2020/08/RO2111427-B-2.jpg,http://wordpresswoocommerce.test/index.php/product/robes-de-fete-verte-zoom/,"Robes de Fête","Tegwendeshop",5000XAF,in stock,wc_post_id_479,http://wordpresswoocommerce.test/index.php/panier/?add-to-cart=479,,1970-01-29T00:00+00:00/1970-01-30T23:59+00:00,5000XAF,new,published,,
wc_post_id_477,"Robes de fêtes verte","Robes de fêtes verte",http://wordpresswoocommerce.test/wp-content/uploads/2020/08/RO2111427.jpg,http://wordpresswoocommerce.test/index.php/product/robes-de-fetes-verte/,"Robes de Fête","Tegwendeshop",5000XAF,in stock,wc_post_id_477,http://wordpresswoocommerce.test/index.php/panier/?add-to-cart=477,,1970-01-29T00:00+00:00/1970-01-30T23:59+00:00,5000XAF,new,published,,
wc_post_id_475,"Robes de fêtes côté","Robes de fêtes côté",http://wordpresswoocommerce.test/wp-content/uploads/2020/08/RO131574-B.jpg,http://wordpresswoocommerce.test/index.php/product/robes-de-fetes-cote/,"Robes de Fête","Tegwendeshop",6000XAF,in stock,wc_post_id_475,http://wordpresswoocommerce.test/index.php/panier/?add-to-cart=475,,1970-01-29T00:00+00:00/1970-01-30T23:59+00:00,6000XAF,new,published,,
wc_post_id_473,"Robes de fêtes noir","Robes de fêtes noir",http://wordpresswoocommerce.test/wp-content/uploads/2020/08/RO2111214-C-1.jpg,http://wordpresswoocommerce.test/index.php/product/robes-de-fetes-noir/,"Robes de Fête","Tegwendeshop",5000XAF,in stock,wc_post_id_473,http://wordpresswoocommerce.test/index.php/panier/?add-to-cart=473,,1970-01-29T00:00+00:00/1970-01-30T23:59+00:00,5000XAF,new,published,,
wc_post_id_471,"Robes de fêtes courte","Robes de fêtes courte",http://wordpresswoocommerce.test/wp-content/uploads/2020/08/RO131574-1.jpg,http://wordpresswoocommerce.test/index.php/product/robes-de-fetes-courte/,"Robes de Fête","Tegwendeshop",8000XAF,in stock,wc_post_id_471,http://wordpresswoocommerce.test/index.php/panier/?add-to-cart=471,,1970-01-29T00:00+00:00/1970-01-30T23:59+00:00,8000XAF,new,published,,
wc_post_id_469,"Robes de fêtes Jupe courte","Robes de fêtes Jupe courte",http://wordpresswoocommerce.test/wp-content/uploads/2020/08/RO131171-C-2.jpg,http://wordpresswoocommerce.test/index.php/product/robes-de-fetes-jupe-courte/,"Robes de Fête","Tegwendeshop",20000XAF,in stock,wc_post_id_469,http://wordpresswoocommerce.test/index.php/panier/?add-to-cart=469,,1970-01-29T00:00+00:00/1970-01-30T23:59+00:00,20000XAF,new,published,,
wc_post_id_467,"Robes de fêtes Noir blanc","Robes de fêtes Noir blanc",http://wordpresswoocommerce.test/wp-content/uploads/2020/08/RO131171-2.jpg,http://wordpresswoocommerce.test/index.php/product/robes-de-fetes-noir-blanc/,"Robes de Fête","Tegwendeshop",7000XAF,in stock,wc_post_id_467,http://wordpresswoocommerce.test/index.php/panier/?add-to-cart=467,,1970-01-29T00:00+00:00/1970-01-30T23:59+00:00,7000XAF,new,published,,
wc_post_id_465,"Robes de fête Noir","Robes de fête Noir",http://wordpresswoocommerce.test/wp-content/uploads/2020/08/RO21113-B-1.jpg,http://wordpresswoocommerce.test/index.php/product/robes-de-fete-noir/,"Robes de Fête","Tegwendeshop",5000XAF,in stock,wc_post_id_465,http://wordpresswoocommerce.test/index.php/panier/?add-to-cart=465,,1970-01-29T00:00+00:00/1970-01-30T23:59+00:00,5000XAF,new,published,,
wc_post_id_463,"Vêtements Africains Manches Papillon","Vêtements Africains Manches Papillon",http://wordpresswoocommerce.test/wp-content/uploads/2020/08/Vêtements-Africains-Femme-Court-Vintage-O-cou-Manches-Papillon-Gaine-Jupes-Courtes-10497.jpg,http://wordpresswoocommerce.test/index.php/product/vetements-africains-manches-papillon/,"Robes africaine","Tegwendeshop",45000XAF,in stock,wc_post_id_463,http://wordpresswoocommerce.test/index.php/panier/?add-to-cart=463,,1970-01-29T00:00+00:00/2038-01-17T23:59+00:00,40000XAF,new,published,,
wc_post_id_461,"Vêtements-Africains Demi Manches Col Rond","Vêtements-Africains Demi Manches Col Rond",http://wordpresswoocommerce.test/wp-content/uploads/2020/08/Vêtements-Africains-Femme-Demi-Manches-Col-Rond-Imprimé-10477.jpg,http://wordpresswoocommerce.test/index.php/product/vetements-africains-demi-manches-col-rond/,"Robes africaine","Tegwendeshop",10000XAF,in stock,wc_post_id_461,http://wordpresswoocommerce.test/index.php/panier/?add-to-cart=461,,1970-01-29T00:00+00:00/1970-01-30T23:59+00:00,10000XAF,new,published,,
wc_post_id_459,"Vêtements Africains Vintage Droite","Vêtements Africains Vintage Droite",http://wordpresswoocommerce.test/wp-content/uploads/2020/08/Vêtements-Africains-Femme-Inférieur-O-neck-Manches-Spaghetti-Sangle-Vintage-Droite-Cheville-Longueur-10495.jpg,http://wordpresswoocommerce.test/index.php/product/vetements-africains-vintage-droite/,"Robes africaine","Tegwendeshop",30000XAF,in stock,wc_post_id_459,http://wordpresswoocommerce.test/index.php/panier/?add-to-cart=459,,1970-01-29T00:00+00:00/1970-01-30T23:59+00:00,30000XAF,new,published,,
wc_post_id_457,"Vêtements-Africains Soie Lait Col Rond","Vêtements-Africains Soie Lait Col Rond",http://wordpresswoocommerce.test/wp-content/uploads/2020/08/Vêtements-Africains-Femme-La-Moitié-Des-Manches-De-Soie-Lait-Col-Rond-Imprimé-10463.jpg,http://wordpresswoocommerce.test/index.php/product/vetements-africains-soie-lait-col-rond-2/,"Robes africaine","Tegwendeshop",10000XAF,in stock,wc_post_id_457,http://wordpresswoocommerce.test/index.php/panier/?add-to-cart=457,,1970-01-29T00:00+00:00/1970-01-30T23:59+00:00,10000XAF,new,published,,
wc_post_id_453,"Vêtements Africains Col En V Polyester","Vêtements Africains Col En V Polyester",http://wordpresswoocommerce.test/wp-content/uploads/2020/08/Vêtements-Africains-Femme-Manches-À-Encolure-Dégagée-Polyester-Pas-Cher-Soie-Imprimé-Lait-10475.jpg,http://wordpresswoocommerce.test/index.php/product/vetements-africains-col-en-v-polyester-2/,"Robes africaine","Tegwendeshop",130000XAF,in stock,wc_post_id_453,http://wordpresswoocommerce.test/index.php/panier/?add-to-cart=453,,1970-01-29T00:00+00:00/1970-01-30T23:59+00:00,130000XAF,new,published,,
wc_post_id_451,"Vêtements Africains Col En V Polyester","Vêtements Africains Col En V Polyester",http://wordpresswoocommerce.test/wp-content/uploads/2020/08/Vêtements-Africains-Femme-Manches-Col-En-V-Polyester-Pas-Cher-Imprimé-10476.jpg,http://wordpresswoocommerce.test/index.php/product/vetements-africains-col-en-v-polyester/,"Robes africaine","Tegwendeshop",140000XAF,in stock,wc_post_id_451,http://wordpresswoocommerce.test/index.php/panier/?add-to-cart=451,,1970-01-29T00:00+00:00/1970-01-30T23:59+00:00,140000XAF,new,published,,
wc_post_id_449,"Vêtements Africains Lait Col Rond Soie","Vêtements Africains Lait Col Rond Soie",http://wordpresswoocommerce.test/wp-content/uploads/2020/08/Vêtements-Africains-Femme-Manches-Courtes-Lait-Col-Rond-Soie-Imprimée-10467.jpg,http://wordpresswoocommerce.test/index.php/product/vetements-africains-lait-col-rond-soie/,"Robes africaine","Tegwendeshop",25000XAF,in stock,wc_post_id_449,http://wordpresswoocommerce.test/index.php/panier/?add-to-cart=449,,1970-01-29T00:00+00:00/1970-01-30T23:59+00:00,25000XAF,new,published,,
wc_post_id_447,"Vêtements-Africains Col-Rond-Imprimé","Vêtements-Africains Col-Rond-Imprimé",http://wordpresswoocommerce.test/wp-content/uploads/2020/08/Vêtements-Africains-Femme-Manches-Jaune-Col-Rond-Imprimé-10453.jpg,http://wordpresswoocommerce.test/index.php/product/vetements-africains-col-rond-imprime/,"Robes africaine","Tegwendeshop",30000XAF,in stock,wc_post_id_447,http://wordpresswoocommerce.test/index.php/panier/?add-to-cart=447,,1970-01-29T00:00+00:00/1970-01-30T23:59+00:00,30000XAF,new,published,,
wc_post_id_445,"Vêtements Africains Soie Imprimée Halter","Vêtements Africains Soie Imprimée Halter",http://wordpresswoocommerce.test/wp-content/uploads/2020/08/Vêtements-Africains-Femme-Manches-Longues-Off-Le-Lait-Épaule-Soie-Imprimée-Halter-10472.jpg,http://wordpresswoocommerce.test/index.php/product/vetements-africains-soie-imprimee-halter/,"Robes africaine","Tegwendeshop",25000XAF,in stock,wc_post_id_445,http://wordpresswoocommerce.test/index.php/panier/?add-to-cart=445,,1970-01-29T00:00+00:00/1970-01-30T23:59+00:00,25000XAF,new,published,,
wc_post_id_443,"Vêtements Africains Imprimé Tribal Mélangeant","Vêtements Africains Imprimé Tribal Mélangeant",http://wordpresswoocommerce.test/wp-content/uploads/2020/08/Vêtements-Africains-Femme-Manches-Longues-Polyester-Pas-Cher-Imprimé-Tribal-Mélangeant-10471.jpg,http://wordpresswoocommerce.test/index.php/product/vetements-africains-imprime-tribal-melangeant/,"Robes africaine","Tegwendeshop",45000XAF,in stock,wc_post_id_443,http://wordpresswoocommerce.test/index.php/panier/?add-to-cart=443,,1970-01-29T00:00+00:00/1970-01-30T23:59+00:00,45000XAF,new,published,,
wc_post_id_441,"Vêtements Africains Manches Longues","Vêtements Africains Manches Longues",http://wordpresswoocommerce.test/wp-content/uploads/2020/08/Vêtements-Africains-Femme-Manches-Longues-Soie-Sans-Bretelles-Lait-Polyester-Pas-Cher-Imprimé-10470.jpg,http://wordpresswoocommerce.test/index.php/product/vetements-africains-manches-longues/,"Robes africaine","Tegwendeshop",45000XAF,in stock,wc_post_id_441,http://wordpresswoocommerce.test/index.php/panier/?add-to-cart=441,,1970-01-29T00:00+00:00/1970-01-30T23:59+00:00,45000XAF,new,published,,
wc_post_id_439,"Vêtements Africains Manches Spaghetti Sans Bretelles","Vêtements Africains Manches Spaghetti Sans Bretelles",http://wordpresswoocommerce.test/wp-content/uploads/2020/08/Vêtements-Africains-Femme-Manches-Spaghetti-Sangle-Sans-Bretelles-De-Soie-Lait-Polyester-Pas-Cher-Motif-Imprimé-10484.jpg,http://wordpresswoocommerce.test/index.php/product/vetements-africains-manches-spaghetti-sans-bretelles/,"Robes africaine","Tegwendeshop",130000XAF,in stock,wc_post_id_439,http://wordpresswoocommerce.test/index.php/panier/?add-to-cart=439,,1970-01-29T00:00+00:00/1970-01-30T23:59+00:00,130000XAF,new,published,,
wc_post_id_437,"Vêtements Africains Noir Et Rouge Vintage","Vêtements Africains Noir Et Rouge Vintage",http://wordpresswoocommerce.test/wp-content/uploads/2020/08/Vêtements-Africains-Femme-Noir-Et-Rouge-Vintage-Sexy-V-cou-Court-Jupes-Droites-Courtes-Pas-Cher-10460.jpg,http://wordpresswoocommerce.test/index.php/product/vetements-africains-noir-et-rouge-vintage/,"Robes africaine","Tegwendeshop",30000XAF,in stock,wc_post_id_437,http://wordpresswoocommerce.test/index.php/panier/?add-to-cart=437,,1970-01-29T00:00+00:00/1970-01-30T23:59+00:00,30000XAF,new,published,,
wc_post_id_435,"Vêtements Africains Causal Jaune","Vêtements Africains Causal Jaune",http://wordpresswoocommerce.test/wp-content/uploads/2020/08/Vêtements-Africains-Femme-Nouveauté-Mignon-Casual-Jaune-V-cou-Court-Pas-Cher-En-Vrac-10494.jpg,http://wordpresswoocommerce.test/index.php/product/vetements-africains-causal-jaune/,"Robes africaine","Tegwendeshop",130000XAF,in stock,wc_post_id_435,http://wordpresswoocommerce.test/index.php/panier/?add-to-cart=435,,1970-01-29T00:00+00:00/1970-01-30T23:59+00:00,130000XAF,new,published,,
wc_post_id_433,"Vêtements Africains Col En V de Soie","Vêtements Africains Col En V de Soie",http://wordpresswoocommerce.test/wp-content/uploads/2020/08/Vêtements-Africains-Femme-Orange-Manches-Col-En-V-Soie-De-Lait-De-Soie-Imprimé-Lait-Halter-10450.jpg,http://wordpresswoocommerce.test/index.php/product/vetements-africains-col-en-v-de-soie/,"Robes africaine","Tegwendeshop",25000XAF,in stock,wc_post_id_433,http://wordpresswoocommerce.test/index.php/panier/?add-to-cart=433,,1970-01-29T00:00+00:00/1970-01-30T23:59+00:00,25000XAF,new,published,,
wc_post_id_431,"Vêtements Africains Bohemian Vintage","Vêtements Africains Bohemian Vintage",http://wordpresswoocommerce.test/wp-content/uploads/2020/08/Vêtements-Africains-Femme-Rouge-Bohemian-Vintage-O-neck-Manches-Courtes-Jupes-Droites-Réservoir-10493.jpg,http://wordpresswoocommerce.test/index.php/product/vetements-africains-bohemian-vintage/,"Robes africaine","Tegwendeshop",45000XAF,in stock,wc_post_id_431,http://wordpresswoocommerce.test/index.php/panier/?add-to-cart=431,,1970-01-29T00:00+00:00/1970-01-30T23:59+00:00,45000XAF,new,published,,
wc_post_id_429,"Vêtements Africains Sans Bretelles Lait Polyester","Vêtements Africains Sans Bretelles Lait Polyester",http://wordpresswoocommerce.test/wp-content/uploads/2020/08/Vêtements-Africains-Femme-Rouge-Sans-Manches-Soie-Sans-Bretelles-Lait-Polyester-Pas-Cher-Imprimé-10466.jpg,http://wordpresswoocommerce.test/index.php/product/vetements-africains-sans-bretelles-lait-polyester/,"Robes africaine","Tegwendeshop",15000XAF,in stock,wc_post_id_429,http://wordpresswoocommerce.test/index.php/panier/?add-to-cart=429,,1970-01-29T00:00+00:00/1970-01-30T23:59+00:00,15000XAF,new,published,,
wc_post_id_427,"Vêtements Africains Sans Manches Bretelles","Vêtements Africains Sans Manches Bretelles",http://wordpresswoocommerce.test/wp-content/uploads/2020/08/Vêtements-Africains-Femme-Sans-Manches-Bretelles-Polyester-Pas-Cher-Imprimé-10482.jpg,http://wordpresswoocommerce.test/index.php/product/vetements-africains-sans-manches-bretelles/,"Robes africaine","Tegwendeshop",45000XAF,in stock,wc_post_id_427,http://wordpresswoocommerce.test/index.php/panier/?add-to-cart=427,,1970-01-29T00:00+00:00/1970-01-30T23:59+00:00,45000XAF,new,published,,
wc_post_id_425,"Vêtements Africains Sans Bretelles","Vêtements Africains Sans Bretelles",http://wordpresswoocommerce.test/wp-content/uploads/2020/08/Vêtements-Africains-Femme-Sans-Manches-De-L-épaule-Sans-Bretelles-Lait-Polyester-Pas-Cher-Soie-Imprimé-Tribal-10478.jpg,http://wordpresswoocommerce.test/index.php/product/vetements-africains-sans-bretelles/,"Robes africaine","Tegwendeshop",35000XAF,in stock,wc_post_id_425,http://wordpresswoocommerce.test/index.php/panier/?add-to-cart=425,,1970-01-29T00:00+00:00/1970-01-30T23:59+00:00,35000XAF,new,published,,
wc_post_id_423,"Vêtements Africains Soie Lait Col Rond","Vêtements Africains Soie Lait Col Rond",http://wordpresswoocommerce.test/wp-content/uploads/2020/08/Vêtements-Africains-Femme-Soie-Lait-Col-Rond-Imprimé-10485.jpg,http://wordpresswoocommerce.test/index.php/product/vetements-africains-soie-lait-col-rond/,"Robes africaine","Tegwendeshop",10000XAF,in stock,wc_post_id_423,http://wordpresswoocommerce.test/index.php/panier/?add-to-cart=423,,1970-01-29T00:00+00:00/1970-01-30T23:59+00:00,10000XAF,new,published,,
wc_post_id_421,"Vêtements Africains Manches Polyester Tribal imprimé","Vêtements Africains Manches Polyester Tribal imprimé",http://wordpresswoocommerce.test/wp-content/uploads/2020/08/Vêtements-Africains-Femme-Trois-Blanc-Aux-Genoux-Manches-Col-V-Polyester-Pas-Cher-Imprimé-Tribal-Imprimé-10456.jpg,http://wordpresswoocommerce.test/index.php/product/vetements-africains-manches-polyester-tribal-imprime/,"Robes africaine","Tegwendeshop",45000XAF,in stock,wc_post_id_421,http://wordpresswoocommerce.test/index.php/panier/?add-to-cart=421,,1970-01-29T00:00+00:00/1970-01-30T23:59+00:00,45000XAF,new,published,,
wc_post_id_419,"Vêtements Africains Femme Vintage Pas chère","Vêtements Africains Femme Vintage Pas chère",http://wordpresswoocommerce.test/wp-content/uploads/2020/08/Vêtements-Africains-Femme-Vintage-O-cou-Court-Pas-Cher-Jupes-Courtes-Loose-10500.jpg,http://wordpresswoocommerce.test/index.php/product/vetements-africains-femme-vintage-pas-chere/,"Robes africaine","Tegwendeshop",20000XAF,in stock,wc_post_id_419,http://wordpresswoocommerce.test/index.php/panier/?add-to-cart=419,,1970-01-29T00:00+00:00/1970-01-30T23:59+00:00,20000XAF,new,published,,
wc_post_id_417,"Vêtements Africains Encolure Dégagée Imprimé","Vêtements Africains Encolure Dégagée Imprimé",http://wordpresswoocommerce.test/wp-content/uploads/2020/08/Vêtements-Africains-Femme-Violet-Manches-Mancherons-À-Encolure-Dégagée-Imprimé-10474.jpg,http://wordpresswoocommerce.test/index.php/product/vetements-africains-encolure-degagee-imprime/,"Robes africaine","Tegwendeshop",35000XAF,in stock,wc_post_id_417,http://wordpresswoocommerce.test/index.php/panier/?add-to-cart=417,,1970-01-29T00:00+00:00/1970-01-30T23:59+00:00,35000XAF,new,published,,
wc_post_id_415,"Vêtements Africains Lait De Soie Imprimé Lait","Vêtements Africains Lait De Soie Imprimé Lait",http://wordpresswoocommerce.test/wp-content/uploads/2020/08/Vêtements-Africains-Femme-Violet-Manches-Mi-longues-Col-En-V-Soie-Lait-De-Soie-Imprimé-Lait-10449.jpg,http://wordpresswoocommerce.test/index.php/product/vetements-africains-lait-de-soie-imprime-lait/,"Robes africaine","Tegwendeshop",210000XAF,in stock,wc_post_id_415,http://wordpresswoocommerce.test/index.php/panier/?add-to-cart=415,,1970-01-29T00:00+00:00/1970-01-30T23:59+00:00,210000XAF,new,published,,
wc_post_id_412,"Robes Africaine Imprimées couleur bleu ciel","Robes Africaine Imprimées couleur bleu ciel",http://wordpresswoocommerce.test/wp-content/uploads/2020/08/rBVaV11l8tyAWBZLAAKErrxf4h8570.jpg,http://wordpresswoocommerce.test/index.php/product/robes-africaine-imprimees-couleur-bleu-ciel/,"Robes africaine","Tegwendeshop",125000XAF,in stock,wc_post_id_412,http://wordpresswoocommerce.test/index.php/panier/?add-to-cart=412,,1970-01-29T00:00+00:00/1970-01-30T23:59+00:00,125000XAF,new,published,,
wc_post_id_409,"Robes Africaine Imprimées bazin douce","Robes Africaine Imprimées bazin douce",http://wordpresswoocommerce.test/wp-content/uploads/2020/08/rBVaV13PJY2AJh_CAAH0rOTCFUw772.jpg,http://wordpresswoocommerce.test/index.php/product/robes-africaine-imprimees-bazin-douce/,"Robes africaine","Tegwendeshop",145000XAF,in stock,wc_post_id_409,http://wordpresswoocommerce.test/index.php/panier/?add-to-cart=409,,1970-01-29T00:00+00:00/1970-01-30T23:59+00:00,145000XAF,new,published,,
wc_post_id_407,"Autumn African Aresses for Women Fashion","Autumn African Aresses for Women Fashion",http://wordpresswoocommerce.test/wp-content/uploads/2020/08/autumn-african-dresses-for-women-fashion.jpg,http://wordpresswoocommerce.test/index.php/product/autumn-african-aresses-for-women-fashion/,"Robes africaine","Tegwendeshop",125000XAF,in stock,wc_post_id_407,http://wordpresswoocommerce.test/index.php/panier/?add-to-cart=407,,1970-01-29T00:00+00:00/1970-01-30T23:59+00:00,125000XAF,new,published,,
wc_post_id_405,"Autumn African Dresses","Autumn African Dresses",http://wordpresswoocommerce.test/wp-content/uploads/2020/08/autumn-african-dresses-for-.jpg,http://wordpresswoocommerce.test/index.php/product/autumn-african-dresses/,"Robes africaine","Tegwendeshop",120000XAF,in stock,wc_post_id_405,http://wordpresswoocommerce.test/index.php/panier/?add-to-cart=405,,1970-01-29T00:00+00:00/1970-01-30T23:59+00:00,120000XAF,new,published,,
wc_post_id_402,"Robes Africaines imprimées","Robes Africaines imprimées",http://wordpresswoocommerce.test/wp-content/uploads/2020/08/52eaabf6862430b0accfe7168700c0b9-1.jpg,http://wordpresswoocommerce.test/index.php/product/robes-africaines-imprimees/,"Robes africaine","Tegwendeshop",5000XAF,in stock,wc_post_id_402,http://wordpresswoocommerce.test/index.php/panier/?add-to-cart=402,,1970-01-29T00:00+00:00/1970-01-30T23:59+00:00,5000XAF,new,published,,
wc_post_id_400,"Robes De Soirée Noir Complet","Robes De Soirée Noir Complet",http://wordpresswoocommerce.test/wp-content/uploads/2020/08/Robes-De-Soirée-Femme-Cou-Slash-Noir-Complet-Pas-Cher-Jupes-Courtes-A-ligne-6500.jpg,http://wordpresswoocommerce.test/index.php/product/robes-de-soiree-noir-complet/,"Robes de soirées","Tegwendeshop",95000XAF,in stock,wc_post_id_400,http://wordpresswoocommerce.test/index.php/panier/?add-to-cart=400,,1970-01-29T00:00+00:00/2038-01-17T23:59+00:00,90000XAF,new,published,,
wc_post_id_398,"Robes De Soirée Spaghetti Jupes Courtes","Robes De Soirée Spaghetti Jupes Courtes",http://wordpresswoocommerce.test/wp-content/uploads/2020/08/Robes-De-Soirée-Femme-Rougewine-Sexy-Club-Slash-Manches-Cou-Spaghetti-Strap-Jupes-Courtes-6505.jpg,http://wordpresswoocommerce.test/index.php/product/robes-de-soiree-spaghetti-jupes-courtes-2/,"Robes de soirées","Tegwendeshop",76000XAF,in stock,wc_post_id_398,http://wordpresswoocommerce.test/index.php/panier/?add-to-cart=398,,1970-01-29T00:00+00:00/1970-01-30T23:59+00:00,76000XAF,new,published,,
wc_post_id_396,"Robes De Soirée Tendance Ultra Sexy Romantique Court Vin Rouge","Robes De Soirée Tendance Ultra Sexy Romantique Court Vin Rouge",http://wordpresswoocommerce.test/wp-content/uploads/2020/08/Robes-De-Soirée-Femme-Tendance-Ultra-Sexy-Romantique-Court-Vin-Rouge-Polyester-Pas-Cher-Soldes-Patchwork-Parti-Backless-7759.jpg,http://wordpresswoocommerce.test/index.php/product/robes-de-soiree-tendance-ultra-sexy-romantique-court-vin-rouge/,"Robes de soirées","Tegwendeshop",125000XAF,in stock,wc_post_id_396,http://wordpresswoocommerce.test/index.php/panier/?add-to-cart=396,,1970-01-29T00:00+00:00/2038-01-17T23:59+00:00,100000XAF,new,published,,
wc_post_id_394,"Robes De Soirée Manches A ligne Jupes Courtes","Robes De Soirée Manches A ligne Jupes Courtes",http://wordpresswoocommerce.test/wp-content/uploads/2020/08/Robes-De-Soirée-Femme-Sexy-Club-V-col-Manches-A-ligne-Jupes-Courtes-6513.jpg,http://wordpresswoocommerce.test/index.php/product/robes-de-soiree-manches-a-ligne-jupes-courtes/,"Robes de soirées","Tegwendeshop",550000XAF,in stock,wc_post_id_394,http://wordpresswoocommerce.test/index.php/panier/?add-to-cart=394,,1970-01-29T00:00+00:00/2038-01-17T23:59+00:00,55000XAF,new,published,,
wc_post_id_392,"Robes De Soirée Spaghetti Jupes Courtes","Robes De Soirée Spaghetti Jupes Courtes",http://wordpresswoocommerce.test/wp-content/uploads/2020/08/Robes-De-Soirée-Femme-Sexy-Club-V-col-Manches-Spaghetti-Strap-A-ligne-Jupes-Courtes-Robes-De-Club-6495.jpg,http://wordpresswoocommerce.test/index.php/product/robes-de-soiree-spaghetti-jupes-courtes/,"Robes de soirées","Tegwendeshop",10000XAF,in stock,wc_post_id_392,http://wordpresswoocommerce.test/index.php/panier/?add-to-cart=392,,1970-01-29T00:00+00:00/1970-01-30T23:59+00:00,10000XAF,new,published,,
wc_post_id_390,"Robes En Dentelle Rouge Mi-longues","Robes En Dentelle Rouge Mi-longues",http://wordpresswoocommerce.test/wp-content/uploads/2020/08/Robes-En-Dentelle-Femme-Rouge-Sexy-Asymétrique-Pleine-A-ligne-Mi-longues-9865.jpg,http://wordpresswoocommerce.test/index.php/product/robes-en-dentelle-rouge-mi-longues/,"Robes de soirées","Tegwendeshop",450000XAF,in stock,wc_post_id_390,http://wordpresswoocommerce.test/index.php/panier/?add-to-cart=390,,1970-01-29T00:00+00:00/1970-01-30T23:59+00:00,450000XAF,new,published,,
wc_post_id_388,"Robes De Soirée Noire Manches Mi-longues","Robes De Soirée Noire Manches Mi-longues",http://wordpresswoocommerce.test/wp-content/uploads/2020/08/Robes-De-Soirée-Femme-Noir-Sexy-V-cou-Manches-Mi-longues-Gaine-7404.jpg,http://wordpresswoocommerce.test/index.php/product/robes-de-soiree-noire-manches-mi-longues/,"Robes de soirées","Tegwendeshop",25000XAF,in stock,wc_post_id_388,http://wordpresswoocommerce.test/index.php/panier/?add-to-cart=388,,1970-01-29T00:00+00:00/1970-01-30T23:59+00:00,25000XAF,new,published,,
wc_post_id_386,"Robes De Soirée Manches Brun Spaghetti","Robes De Soirée Manches Brun Spaghetti",http://wordpresswoocommerce.test/wp-content/uploads/2020/08/Robes-De-Soirée-Femme-Manches-Brun-Sexy-Col-V-Spaghetti-Strap-A-ligne-Jupes-Courtes-7077.jpg,http://wordpresswoocommerce.test/index.php/product/robes-de-soiree-manches-brun-spaghetti/,"Robes de soirées","Tegwendeshop",55000XAF,in stock,wc_post_id_386,http://wordpresswoocommerce.test/index.php/panier/?add-to-cart=386,,1970-01-29T00:00+00:00/2038-01-17T23:59+00:00,45000XAF,new,published,,
wc_post_id_384,"Robes De Soirée Body Candy","Robes De Soirée Body Candy",http://wordpresswoocommerce.test/wp-content/uploads/2020/08/Robes-De-Soirée-Femme-Les-Lèvres-De-Body-Candy-con-Robe-8466.jpg,http://wordpresswoocommerce.test/index.php/product/robes-de-soiree-body-candy/,"Robes de soirées","Tegwendeshop",6700XAF,in stock,wc_post_id_384,http://wordpresswoocommerce.test/index.php/panier/?add-to-cart=384,,1970-01-29T00:00+00:00/1970-01-30T23:59+00:00,6700XAF,new,published,,
wc_post_id_382,"Robes De Soirée Moitié Sexy Coton Dentelle","Robes De Soirée Moitié Sexy Coton Dentelle",http://wordpresswoocommerce.test/wp-content/uploads/2020/08/Robes-De-Soirée-Femme-La-Moitié-Sexy-Mignon-Blanc-O-cou-Coton-Dentelle-Robes-Moulantes-Soldes-7668.jpg,http://wordpresswoocommerce.test/index.php/product/robes-de-soiree-moitie-sexy-coton-dentelle/,"Robes de soirées","Tegwendeshop",75000XAF,in stock,wc_post_id_382,http://wordpresswoocommerce.test/index.php/panier/?add-to-cart=382,,1970-01-29T00:00+00:00/1970-01-30T23:59+00:00,75000XAF,new,published,,
wc_post_id_380,"Robes-De-Soirée Noir Cou Court","Robes-De-Soirée Noir Cou Court",http://wordpresswoocommerce.test/wp-content/uploads/2020/08/Robes-De-Soirée-Femme-Bref-Noir-Sexy-Mignon-Club-V-cou-Court-Normal-Gaine-parole-Longueur-6508.jpg,http://wordpresswoocommerce.test/index.php/product/robes-de-soiree-noir-cou-court/,"Robes de soirées","Tegwendeshop",100000XAF,in stock,wc_post_id_380,http://wordpresswoocommerce.test/index.php/panier/?add-to-cart=380,,1970-01-29T00:00+00:00/1970-01-30T23:59+00:00,100000XAF,new,published,,
wc_post_id_378,"Robes De Soirée Jaune Cou Plein épaule","Robes De Soirée Jaune Cou Plein épaule",http://wordpresswoocommerce.test/wp-content/uploads/2020/08/Robes-De-Soirée-Femme-Bref-Jaune-Mignon-Sexy-Club-Slash-Cou-Plein-De-L-épaule-Gaine-Jupes-Courtes-Robes-De-Club-6499.jpg,http://wordpresswoocommerce.test/index.php/product/robes-de-soiree-jaune-cou-plein-epaule/,"Robes de soirées","Tegwendeshop",30000XAF,in stock,wc_post_id_378,http://wordpresswoocommerce.test/index.php/panier/?add-to-cart=378,,1970-01-29T00:00+00:00/1970-01-30T23:59+00:00,30000XAF,new,published,,
wc_post_id_376,"Robes De Soirée Jaune Épaule Mi-longues","Robes De Soirée Jaune Épaule Mi-longues",http://wordpresswoocommerce.test/wp-content/uploads/2020/08/Robes-De-Soirée-Femme-Bref-Jaune-Mignon-Sexy-Club-Manches-Off-La-Jupe-Step-Épaule-Mi-longues-6501.jpg,http://wordpresswoocommerce.test/index.php/product/robes-de-soiree-jaune-epaule-mi-longues/,"Robes de soirées","Tegwendeshop",60000XAF,in stock,wc_post_id_376,http://wordpresswoocommerce.test/index.php/panier/?add-to-cart=376,,1970-01-29T00:00+00:00/1970-01-30T23:59+00:00,60000XAF,new,published,,
wc_post_id_374,"Robes De Soirée Bleu Royal cou Complet","Robes De Soirée Bleu Royal cou Complet",http://wordpresswoocommerce.test/wp-content/uploads/2020/08/Robes-De-Soirée-Femme-Bref-Bleu-Royal-Mignon-V-cou-Complet-Normal-Club-Mi-longues-Robes-En-Vrac-6496.jpg,http://wordpresswoocommerce.test/index.php/product/robes-de-soiree-bleu-royal-cou-complet/,"Robes de soirées","Tegwendeshop",20000XAF,in stock,wc_post_id_374,http://wordpresswoocommerce.test/index.php/panier/?add-to-cart=374,,1970-01-29T00:00+00:00/1970-01-30T23:59+00:00,20000XAF,new,published,,
wc_post_id_372,"Robes De Soirée Bleu Jupes Courtes","Robes De Soirée Bleu Jupes Courtes",http://wordpresswoocommerce.test/wp-content/uploads/2020/08/Robes-De-Soirée-Femme-Bleu-Sexy-Club-V-col-Manches-A-ligne-Jupes-Courtes-6698.jpg,http://wordpresswoocommerce.test/index.php/product/robes-de-soiree-bleu-jupes-courtes/,"Robes de soirées","Tegwendeshop",75000XAF,in stock,wc_post_id_372,http://wordpresswoocommerce.test/index.php/panier/?add-to-cart=372,,1970-01-29T00:00+00:00/2038-01-17T23:59+00:00,60000XAF,new,published,,
wc_post_id_370,"Robes De Soirée Manches Fines Bretelles","Robes De Soirée Manches Fines Bretelles",http://wordpresswoocommerce.test/wp-content/uploads/2020/08/Robes-De-Soirée-Femme-Blanc-Slip-Sexy-Col-En-V-Manches-Fines-Bretelles-Gaine-Jupes-Courtes-7451.jpg,http://wordpresswoocommerce.test/index.php/product/robes-de-soiree-manches-fines-bretelles/,"Robes de soirées","Tegwendeshop",46000XAF,in stock,wc_post_id_370,http://wordpresswoocommerce.test/index.php/panier/?add-to-cart=370,,1970-01-29T00:00+00:00/1970-01-30T23:59+00:00,46000XAF,new,published,,
wc_post_id_368,"Robes De Soirée Jupes Courtes","Robes De Soirée Jupes Courtes",http://wordpresswoocommerce.test/wp-content/uploads/2020/08/Robes-De-Soirée-Femme-Blanc-Sexy-Club-V-col-Manches-A-ligne-Jupes-Courtes-6514.jpg,http://wordpresswoocommerce.test/index.php/product/robes-de-soiree-jupes-courtes/,"Robes de soirées","Tegwendeshop",50000XAF,in stock,wc_post_id_368,http://wordpresswoocommerce.test/index.php/panier/?add-to-cart=368,,1970-01-29T00:00+00:00/1970-01-30T23:59+00:00,50000XAF,new,published,,
wc_post_id_366,"Robes De Soirée Jupes A ligne Courte","Robes De Soirée Jupes A ligne Courte",http://wordpresswoocommerce.test/wp-content/uploads/2020/08/Robes-De-Soirée-Femme-Blanc-Sexy-Club-Slash-Cou-Complet-Pas-Cher-Jupes-A-ligne-Courte-6517.jpg,http://wordpresswoocommerce.test/index.php/product/robes-de-soiree-jupes-a-ligne-courte/,"Robes de soirées","Tegwendeshop",34000XAF,in stock,wc_post_id_366,http://wordpresswoocommerce.test/index.php/panier/?add-to-cart=366,,1970-01-29T00:00+00:00/1970-01-30T23:59+00:00,34000XAF,new,published,,
wc_post_id_364,"Robes-De-Soirée Sans Manches Jupes Courtes","Robes-De-Soirée Sans Manches Jupes Courtes",http://wordpresswoocommerce.test/wp-content/uploads/2020/08/Robes-De-Soirée-Femme-Blanc-Sexy-Club-Sans-Manches-Bretelles-A-ligne-Jupes-Courtes-6769.jpg,http://wordpresswoocommerce.test/index.php/product/robes-de-soiree-sans-manches-jupes-courtes/,"Robes de soirées","Tegwendeshop",45000XAF,in stock,wc_post_id_364,http://wordpresswoocommerce.test/index.php/panier/?add-to-cart=364,,1970-01-29T00:00+00:00/1970-01-30T23:59+00:00,45000XAF,new,published,,
wc_post_id_362,"Robes De Soirée Bretelles Jupes Courtes","Robes De Soirée Bretelles Jupes Courtes",http://wordpresswoocommerce.test/wp-content/uploads/2020/08/Robes-De-Soirée-Femme-Blanc-Sexy-Mignon-Et-Club-Bretelles-Demi-pas-Cher-Jupes-Courtes-Loose-6502.jpg,http://wordpresswoocommerce.test/index.php/product/robes-de-soiree-bretelles-jupes-courtes/,"Robes de soirées","Tegwendeshop",10000XAF,in stock,wc_post_id_362,http://wordpresswoocommerce.test/index.php/panier/?add-to-cart=362,,1970-01-29T00:00+00:00/1970-01-30T23:59+00:00,10000XAF,new,published,,
wc_post_id_360,"Robes De Soirée-Femme Cheville Longueur Des Robes","Robes De Soirée-Femme Cheville Longueur Des Robes",http://wordpresswoocommerce.test/wp-content/uploads/2020/08/Robes-De-Soirée-Femme-Blanc-Sexy-Club-O-col-Manches-A-ligne-Cheville-Longueur-Des-Robes-Club-6489.jpg,http://wordpresswoocommerce.test/index.php/product/robes-de-soiree-femme-cheville-longueur-des-robes/,"Robes de soirées","Tegwendeshop",40000XAF,in stock,wc_post_id_360,http://wordpresswoocommerce.test/index.php/panier/?add-to-cart=360,,1970-01-29T00:00+00:00/2038-01-17T23:59+00:00,35000XAF,new,staging,,
wc_post_id_358,"Robes De Soirée Manches À Encolure En V Large","Robes De Soirée Manches À Encolure En V Large",http://wordpresswoocommerce.test/wp-content/uploads/2020/08/Robes-De-Soirée-Femme-Blanc-Mignon-Sexy-Club-Manches-À-Encolure-En-V-Large-De-La-Jupe-Crayon-Épaule-Mi-longues-6512.jpg,http://wordpresswoocommerce.test/index.php/product/robes-de-soiree-manches-a-encolure-en-v-large/,"Robes de soirées","Tegwendeshop",30000XAF,in stock,wc_post_id_358,http://wordpresswoocommerce.test/index.php/panier/?add-to-cart=358,,1970-01-29T00:00+00:00/2038-01-17T23:59+00:00,20000XAF,new,staging,,
wc_post_id_356,"Robes De Soirée Sans Manches Sexy","Robes De Soirée Sans Manches Sexy",http://wordpresswoocommerce.test/wp-content/uploads/2020/08/Robes-De-Soirée-Femme-Bague-De-Cale-Sans-Manches-Sexy-À-Col-En-O-col-Noir-7380.jpg,http://wordpresswoocommerce.test/index.php/product/robes-de-soiree-sans-manches-sexy/,"Robes de soirées","Tegwendeshop",10000XAF,in stock,wc_post_id_356,http://wordpresswoocommerce.test/index.php/panier/?add-to-cart=356,,1970-01-29T00:00+00:00/2038-01-17T23:59+00:00,8000XAF,new,published,,
wc_post_id_354,"Robes de soirée","Robes de soirée",http://wordpresswoocommerce.test/wp-content/uploads/2020/08/Robes-De-Soirée-Femme-Armygreen-Bretelles-En-Mousse-Sans-Manches-7439.jpg,http://wordpresswoocommerce.test/index.php/product/robes-de-soiree/,"Femmes, Robes de soirées","Tegwendeshop",20000XAF,in stock,wc_post_id_354,http://wordpresswoocommerce.test/index.php/panier/?add-to-cart=354,,1970-01-29T00:00+00:00/1970-01-30T23:59+00:00,20000XAF,new,published,,
wc_post_id_351,"Robes de soirée","Robes de soirée",http://wordpresswoocommerce.test/wp-content/uploads/2020/08/Blouses-Chemisier-Femme-Casual-Pas-Cher-Complètes-Soldess-Longues-13.jpg,http://wordpresswoocommerce.test/index.php/product/robes-de-fetes-blanche/,"Femmes, Robes de soirées","Tegwendeshop",30000XAF,in stock,wc_post_id_351,http://wordpresswoocommerce.test/index.php/panier/?add-to-cart=351,,1970-01-29T00:00+00:00/1970-01-30T23:59+00:00,30000XAF,new,staging,,
wc_post_id_320,"Vestes","Tailles: S",http://wordpresswoocommerce.test/wp-content/uploads/2020/08/smoking-reverskraag-portofino-line.jpg,http://wordpresswoocommerce.test/index.php/product/vestes-2/?attribute_pa_tailles=s,"Hommes, Vestes","Tegwendeshop",234XAF,in stock,wc_post_id_316,http://wordpresswoocommerce.test/index.php/panier/?add-to-cart=316&variation_id=320&attribute_pa_tailles=s,"http://wordpresswoocommerce.test/wp-content/uploads/2020/08/unnamed.jpg",1970-01-29T00:00+00:00/1970-01-30T23:59+00:00,234XAF,new,staging,,"tailles:3XL/L/M/S:S"
wc_post_id_319,"Vestes","Tailles: M",http://wordpresswoocommerce.test/wp-content/uploads/2020/08/61Dk7QuLP4L._AC_UL320_.jpg,http://wordpresswoocommerce.test/index.php/product/vestes-2/?attribute_pa_tailles=m,"Hommes, Vestes","Tegwendeshop",10000XAF,in stock,wc_post_id_316,http://wordpresswoocommerce.test/index.php/panier/?add-to-cart=316&variation_id=319&attribute_pa_tailles=m,"http://wordpresswoocommerce.test/wp-content/uploads/2020/08/unnamed.jpg",1970-01-29T00:00+00:00/1970-01-30T23:59+00:00,10000XAF,new,staging,,"tailles:3XL/L/M/S:M"
wc_post_id_318,"Vestes","Tailles: L",http://wordpresswoocommerce.test/wp-content/uploads/2020/08/dobell-homme-veste-de-smoking-blanche-avec-col-cha.jpg,http://wordpresswoocommerce.test/index.php/product/vestes-2/?attribute_pa_tailles=l,"Hommes, Vestes","Tegwendeshop",10000XAF,in stock,wc_post_id_316,http://wordpresswoocommerce.test/index.php/panier/?add-to-cart=316&variation_id=318&attribute_pa_tailles=l,"http://wordpresswoocommerce.test/wp-content/uploads/2020/08/unnamed.jpg",1970-01-29T00:00+00:00/1970-01-30T23:59+00:00,10000XAF,new,staging,,"tailles:3XL/L/M/S:L"
hugo-boss-veste-regular-fit-en-laine-vierge-naturellement-stretch_317,"Vestes","Tailles: 3XL",http://wordpresswoocommerce.test/wp-content/uploads/2020/08/617DGfIZ-0L._AC_UY445_.jpg,http://wordpresswoocommerce.test/index.php/product/vestes-2/?attribute_pa_tailles=3xl,"Hommes, Vestes","Tegwendeshop",10000XAF,in stock,wc_post_id_316,http://wordpresswoocommerce.test/index.php/panier/?add-to-cart=316&variation_id=317&attribute_pa_tailles=3xl,"http://wordpresswoocommerce.test/wp-content/uploads/2020/08/unnamed.jpg",1970-01-29T00:00+00:00/1970-01-30T23:59+00:00,10000XAF,new,staging,,"tailles:3XL/L/M/S:3XL"
wc_post_id_312,"Vestes","Marques: vestes-patric-taupe",http://wordpresswoocommerce.test/wp-content/uploads/2020/08/gentleman-farmer-doudoune-col-montant-manzo-1.jpg,http://wordpresswoocommerce.test/index.php/product/vestes/?attribute_pa_marques=vestes-patric-taupe,"Hommes, Vestes","Tegwendeshop",50000XAF,in stock,wc_post_id_309,http://wordpresswoocommerce.test/index.php/panier/?add-to-cart=309&variation_id=312&attribute_pa_marques=vestes-patric-taupe,,1970-01-29T00:00+00:00/1970-01-30T23:59+00:00,50000XAF,new,staging,,"marques:gentleman-farmer/jac-hensen-smoking/vestes-patric-taupe:vestes-patric-taupe"
wc_post_id_311,"Vestes","Marques: jac-hensen-smoking",http://wordpresswoocommerce.test/wp-content/uploads/2020/08/gentleman-farmer-doudoune-col-montant-manzo.jpg,http://wordpresswoocommerce.test/index.php/product/vestes/?attribute_pa_marques=jac-hensen-smoking,"Hommes, Vestes","Tegwendeshop",50000XAF,in stock,wc_post_id_309,http://wordpresswoocommerce.test/index.php/panier/?add-to-cart=309&variation_id=311&attribute_pa_marques=jac-hensen-smoking,"http://wordpresswoocommerce.test/wp-content/uploads/2020/08/gentleman-farmer-doudoune-col-montant-manzo-1.jpg",1970-01-29T00:00+00:00/1970-01-30T23:59+00:00,50000XAF,new,staging,,"marques:gentleman-farmer/jac-hensen-smoking/vestes-patric-taupe:jac-hensen-smoking"
gentleman-farmer-doudoune-col-montant-manzo_310,"Vestes","Marques: gentleman-farmer",http://wordpresswoocommerce.test/wp-content/uploads/2020/08/14f1a27c76a5f9ea4b9ab5e73b9dac37-navigateur_2259-1.jpg,http://wordpresswoocommerce.test/index.php/product/vestes/?attribute_pa_marques=gentleman-farmer,"Hommes, Vestes","Tegwendeshop",50000XAF,in stock,wc_post_id_309,http://wordpresswoocommerce.test/index.php/panier/?add-to-cart=309&variation_id=310&attribute_pa_marques=gentleman-farmer,"http://wordpresswoocommerce.test/wp-content/uploads/2020/08/gentleman-farmer-doudoune-col-montant-manzo-1.jpg",1970-01-29T00:00+00:00/1970-01-30T23:59+00:00,50000XAF,new,staging,,"marques:gentleman-farmer/jac-hensen-smoking/vestes-patric-taupe:gentleman-farmer"
wc_post_id_279,"Robes noires","Coloris : Noir 
Collection : Automne/Hiver 
Référence : RO21113",http://wordpresswoocommerce.test/wp-content/uploads/2020/08/RO131171-1.jpg,http://wordpresswoocommerce.test/index.php/product/robes-noires/?attribute_pa_tailles=s,"Femmes, Robes manches longues","Tegwendeshop",3000XAF,in stock,wc_post_id_275,http://wordpresswoocommerce.test/index.php/panier/?add-to-cart=275&variation_id=279&attribute_pa_tailles=s,"http://wordpresswoocommerce.test/wp-content/uploads/2020/08/RO2111214-C.jpg",1970-01-29T00:00+00:00/1970-01-30T23:59+00:00,3000XAF,new,staging,,"tailles:L/M/S:S"
wc_post_id_278,"Robes noires","Coloris : Noir 
Collection : Automne/Hiver 
Référence : RO21113",http://wordpresswoocommerce.test/wp-content/uploads/2020/08/RO131171-C-1.jpg,http://wordpresswoocommerce.test/index.php/product/robes-noires/?attribute_pa_tailles=m,"Femmes, Robes manches longues","Tegwendeshop",3000XAF,in stock,wc_post_id_275,http://wordpresswoocommerce.test/index.php/panier/?add-to-cart=275&variation_id=278&attribute_pa_tailles=m,"http://wordpresswoocommerce.test/wp-content/uploads/2020/08/RO2111214-C.jpg",1970-01-29T00:00+00:00/1970-01-30T23:59+00:00,3000XAF,new,staging,,"tailles:L/M/S:M"
wc_post_id_277,"Robes noires","Coloris : Noir 
Collection : Automne/Hiver 
Référence : RO21113",http://wordpresswoocommerce.test/wp-content/uploads/2020/08/RO131574.jpg,http://wordpresswoocommerce.test/index.php/product/robes-noires/?attribute_pa_tailles=l,"Femmes, Robes manches longues","Tegwendeshop",3000XAF,in stock,wc_post_id_275,http://wordpresswoocommerce.test/index.php/panier/?add-to-cart=275&variation_id=277&attribute_pa_tailles=l,"http://wordpresswoocommerce.test/wp-content/uploads/2020/08/RO2111214-C.jpg",1970-01-29T00:00+00:00/1970-01-30T23:59+00:00,3000XAF,new,staging,,"tailles:L/M/S:L"
wc_post_id_264,"Robes de Fêtes","Robes de Fêtes",http://wordpresswoocommerce.test/wp-content/uploads/2020/08/RO21113-1.jpg,http://wordpresswoocommerce.test/index.php/product/robes-de-fetes/,"Femmes, Robes de Fête","Tegwendeshop",30000XAF,in stock,wc_post_id_264,http://wordpresswoocommerce.test/index.php/panier/?add-to-cart=264,,1970-01-29T00:00+00:00/1970-01-30T23:59+00:00,30000XAF,new,published,,
wc_post_id_250,"Robe de soirée","Coloris : Noir 
Collection : Automne/Hiver 
Référence : RO21113",http://wordpresswoocommerce.test/wp-content/uploads/2020/08/aa46312688ae7ee310c1d93e6d201630.jpg,http://wordpresswoocommerce.test/index.php/product/robe-noire-de-soiree-marie-june/?attribute_pa_tailles=xl,"Robes de soirées","Tegwendeshop",100XAF,in stock,wc_post_id_245,http://wordpresswoocommerce.test/index.php/panier/?add-to-cart=245&variation_id=250&attribute_pa_tailles=xl,"http://wordpresswoocommerce.test/wp-content/uploads/2020/08/52eaabf6862430b0accfe7168700c0b9.jpg",1970-01-29T00:00+00:00/1970-01-30T23:59+00:00,100XAF,new,staging,,"tailles:L/M/S/XL:XL"
wc_post_id_249,"Robe de soirée","Coloris : Noir 
Collection : Automne/Hiver 
Référence : RO21113",http://wordpresswoocommerce.test/wp-content/uploads/2020/08/524651300871b2d8292cae476bb92242.jpg,http://wordpresswoocommerce.test/index.php/product/robe-noire-de-soiree-marie-june/?attribute_pa_tailles=s,"Robes de soirées","Tegwendeshop",1000XAF,in stock,wc_post_id_245,http://wordpresswoocommerce.test/index.php/panier/?add-to-cart=245&variation_id=249&attribute_pa_tailles=s,"http://wordpresswoocommerce.test/wp-content/uploads/2020/08/52eaabf6862430b0accfe7168700c0b9.jpg",1970-01-29T00:00+00:00/1970-01-30T23:59+00:00,1000XAF,new,staging,,"tailles:L/M/S/XL:S"
wc_post_id_248,"Robe de soirée","Coloris : Noir 
Collection : Automne/Hiver 
Référence : RO21113",http://wordpresswoocommerce.test/wp-content/uploads/2020/08/52eaabf6862430b0accfe7168700c0b9.jpg,http://wordpresswoocommerce.test/index.php/product/robe-noire-de-soiree-marie-june/?attribute_pa_tailles=m,"Robes de soirées","Tegwendeshop",1000XAF,in stock,wc_post_id_245,http://wordpresswoocommerce.test/index.php/panier/?add-to-cart=245&variation_id=248&attribute_pa_tailles=m,,1970-01-29T00:00+00:00/1970-01-30T23:59+00:00,1000XAF,new,staging,,"tailles:L/M/S/XL:M"
Robe Noire de soirée MARIE JUNE_247,"Robe de soirée","Coloris : Noir 
Collection : Automne/Hiver 
Référence : RO21113",http://wordpresswoocommerce.test/wp-content/uploads/2020/08/RO49104.jpg,http://wordpresswoocommerce.test/index.php/product/robe-noire-de-soiree-marie-june/?attribute_pa_tailles=l,"Robes de soirées","Tegwendeshop",1000XAF,in stock,wc_post_id_245,http://wordpresswoocommerce.test/index.php/panier/?add-to-cart=245&variation_id=247&attribute_pa_tailles=l,"http://wordpresswoocommerce.test/wp-content/uploads/2020/08/52eaabf6862430b0accfe7168700c0b9.jpg",1970-01-29T00:00+00:00/1970-01-30T23:59+00:00,1000XAF,new,staging,,"tailles:L/M/S/XL:L"
wc_post_id_240,"Robes de Sortie","Tailles: S",http://wordpresswoocommerce.test/wp-content/uploads/2020/08/desigual-robe-courte-40-l-t3.jpg,http://wordpresswoocommerce.test/index.php/product/robes/?attribute_pa_tailles=s,"Femmes","Tegwendeshop",1000XAF,in stock,wc_post_id_236,http://wordpresswoocommerce.test/index.php/panier/?add-to-cart=236&variation_id=240&attribute_pa_tailles=s,"http://wordpresswoocommerce.test/wp-content/uploads/2020/08/RO2111427-B.jpg",1970-01-29T00:00+00:00/1970-01-30T23:59+00:00,1000XAF,new,staging,,"tailles:3XL/L/M/S:S"
wc_post_id_239,"Robes de Sortie","Tailles: M",http://wordpresswoocommerce.test/wp-content/uploads/2020/08/robe-cocktail-rose-guipure-fourreau-bustier-coeur.jpg,http://wordpresswoocommerce.test/index.php/product/robes/?attribute_pa_tailles=m,"Femmes","Tegwendeshop",1000XAF,in stock,wc_post_id_236,http://wordpresswoocommerce.test/index.php/panier/?add-to-cart=236&variation_id=239&attribute_pa_tailles=m,"http://wordpresswoocommerce.test/wp-content/uploads/2020/08/RO2111427-B.jpg",1970-01-29T00:00+00:00/1970-01-30T23:59+00:00,1000XAF,new,staging,,"tailles:3XL/L/M/S:M"
wc_post_id_238,"Robes de Sortie","Tailles: L",http://wordpresswoocommerce.test/wp-content/uploads/2020/08/RO49104-C.jpg,http://wordpresswoocommerce.test/index.php/product/robes/?attribute_pa_tailles=l,"Femmes","Tegwendeshop",1000XAF,in stock,wc_post_id_236,http://wordpresswoocommerce.test/index.php/panier/?add-to-cart=236&variation_id=238&attribute_pa_tailles=l,"http://wordpresswoocommerce.test/wp-content/uploads/2020/08/RO2111427-B.jpg",1970-01-29T00:00+00:00/1970-01-30T23:59+00:00,1000XAF,new,staging,,"tailles:3XL/L/M/S:L"
T-shirt_237,"Robes de Sortie","Tailles: 3XL",http://wordpresswoocommerce.test/wp-content/uploads/2020/08/157d4be38b5a784c254698d1bb5c3913.jpg,http://wordpresswoocommerce.test/index.php/product/robes/?attribute_pa_tailles=3xl,"Femmes","Tegwendeshop",1000XAF,in stock,wc_post_id_236,http://wordpresswoocommerce.test/index.php/panier/?add-to-cart=236&variation_id=237&attribute_pa_tailles=3xl,"http://wordpresswoocommerce.test/wp-content/uploads/2020/08/RO2111427-B.jpg",1970-01-29T00:00+00:00/1970-01-30T23:59+00:00,1000XAF,new,staging,,"tailles:3XL/L/M/S:3XL"
